time,winChips,tableChips,amIFold,myChips,myHand,enemyHands
2018-07-20 02:49:53,0,3520,False,980,Two Pair,"Pair:isFold=True;isAllIn=False, Pair:isFold=True;isAllIn=False, Full House:isFold=False;isAllIn=False, Pair:isFold=True;isAllIn=False"
2018-07-20 02:50:18,0,960,True,980,Pair,"Pair:isFold=True;isAllIn=False, Two Pair:isFold=False;isAllIn=False, Three of a Kind:isFold=False;isAllIn=False, Pair:isFold=True;isAllIn=False"
2018-07-20 02:50:50,0,1680,False,500,Pair,"Two Pair:isFold=True;isAllIn=False, Two Pair:isFold=True;isAllIn=False, Two Pair:isFold=False;isAllIn=False, Pair:isFold=True;isAllIn=False"
2018-07-20 02:51:13,2180,2180,False,2180,Two Pair,"Two Pair:isFold=False;isAllIn=True, Two Pair:isFold=False;isAllIn=False, Two Pair:isFold=True;isAllIn=False, Two Pair:isFold=True;isAllIn=False"
2018-07-20 02:51:36,0,1560,True,2020,Pair,"Three of a Kind:isFold=False;isAllIn=False, Two Pair:isFold=True;isAllIn=False, Two Pair:isFold=False;isAllIn=True"
2018-07-20 02:51:52,0,720,True,1940,Pair,"Pair:isFold=True;isAllIn=False, Pair:isFold=False;isAllIn=False"
2018-07-20 02:52:18,3200,3200,False,3860,Straight,"Two Pair:isFold=False;isAllIn=False, High Card:isFold=True;isAllIn=False"
2018-07-20 02:52:37,2240,2240,False,5140,High Card,"High Card:isFold=True;isAllIn=False, Straight:isFold=True;isAllIn=False"
2018-07-20 02:52:59,0,3200,True,4500,High Card,"Pair:isFold=False;isAllIn=False, Straight:isFold=False;isAllIn=False"
2018-07-20 02:53:20,0,4060,False,2580,Pair,"High Card:isFold=False;isAllIn=True, Pair:isFold=False;isAllIn=False"
2018-07-20 02:54:54,280,280,False,3200,Two Pair,"Pair:isFold=True;isAllIn=False, Two Pair:isFold=False;isAllIn=False, Straight:isFold=True;isAllIn=False, Pair:isFold=True;isAllIn=False"
2018-07-20 02:55:48,0,4260,False,2220,Pair,"Full House:isFold=False;isAllIn=False, Full House:isFold=False;isAllIn=False, Pair:isFold=True;isAllIn=False, Two Pair:isFold=False;isAllIn=False"
2018-07-20 02:56:11,0,200,True,2200,Pair,"Two Pair:isFold=False;isAllIn=False, Pair:isFold=True;isAllIn=False, Pair:isFold=True;isAllIn=False, Pair:isFold=True;isAllIn=False"
2018-07-20 02:56:48,0,1560,False,1820,Flush,"Straight:isFold=True;isAllIn=False, Pair:isFold=False;isAllIn=False, Flush:isFold=False;isAllIn=False, Flush:isFold=False;isAllIn=False"
2018-07-20 02:57:24,540,540,False,2220,Three of a Kind,"Pair:isFold=True;isAllIn=False, Pair:isFold=True;isAllIn=False, Two Pair:isFold=False;isAllIn=False, Two Pair:isFold=False;isAllIn=False"
2018-07-20 02:57:50,0,480,True,2220,Pair,"Two Pair:isFold=False;isAllIn=False, Pair:isFold=True;isAllIn=False, Pair:isFold=False;isAllIn=False, High Card:isFold=True;isAllIn=False"
2018-07-20 02:58:23,0,1240,False,1940,Two Pair,"Two Pair:isFold=False;isAllIn=False, Three of a Kind:isFold=False;isAllIn=False, Pair:isFold=True;isAllIn=False, Two Pair:isFold=False;isAllIn=False"
2018-07-20 02:58:45,0,360,True,1900,Pair,"High Card:isFold=True;isAllIn=False, Straight:isFold=True;isAllIn=False, Pair:isFold=False;isAllIn=False, High Card:isFold=True;isAllIn=False"
2018-07-20 02:59:13,560,560,False,2300,Flush,"High Card:isFold=True;isAllIn=False, Pair:isFold=False;isAllIn=False, Pair:isFold=True;isAllIn=False, High Card:isFold=True;isAllIn=False"
2018-07-20 02:59:38,0,480,True,2300,Pair,"Two Pair:isFold=False;isAllIn=False, Two Pair:isFold=True;isAllIn=False, Two Pair:isFold=True;isAllIn=False, Two Pair:isFold=False;isAllIn=False"
2018-07-20 03:00:12,0,1920,False,1820,Pair,"Two Pair:isFold=True;isAllIn=False, Two Pair:isFold=False;isAllIn=False, Pair:isFold=True;isAllIn=False, Three of a Kind:isFold=False;isAllIn=False"
2018-07-20 03:00:47,2560,2560,False,3740,Flush,"High Card:isFold=True;isAllIn=False, Flush:isFold=True;isAllIn=False, Pair:isFold=False;isAllIn=False, Two Pair:isFold=False;isAllIn=False"
2018-07-20 03:01:12,0,1040,True,3660,High Card,"High Card:isFold=True;isAllIn=False, Pair:isFold=False;isAllIn=False, Two Pair:isFold=False;isAllIn=False, Straight:isFold=True;isAllIn=False"
2018-07-20 03:01:41,0,1280,False,3340,High Card,"Pair:isFold=False;isAllIn=False, Pair:isFold=False;isAllIn=False, High Card:isFold=True;isAllIn=False, High Card:isFold=True;isAllIn=False"
2018-07-20 03:02:17,0,2080,False,2860,Pair,"High Card:isFold=True;isAllIn=False, Pair:isFold=False;isAllIn=False, Pair:isFold=False;isAllIn=False, Two Pair:isFold=False;isAllIn=False"
2018-07-20 03:02:42,0,1920,True,2860,Pair,"Pair:isFold=True;isAllIn=False, High Card:isFold=True;isAllIn=False, Pair:isFold=False;isAllIn=False, Pair:isFold=False;isAllIn=False"
2018-07-20 03:03:17,0,5120,False,1580,Pair,"Straight:isFold=True;isAllIn=False, Straight:isFold=True;isAllIn=False, Two Pair:isFold=False;isAllIn=False, Pair:isFold=False;isAllIn=False"
2018-07-20 03:03:41,0,1860,True,1420,Pair,"Pair:isFold=True;isAllIn=False, Pair:isFold=False;isAllIn=True, Flush:isFold=False;isAllIn=False, Flush:isFold=True;isAllIn=False"
2018-07-20 03:04:01,0,1200,True,1340,Pair,"Pair:isFold=True;isAllIn=False, Two Pair:isFold=False;isAllIn=False, Pair:isFold=True;isAllIn=False"
2018-07-20 03:04:32,0,3360,False,380,Pair,"Two Pair:isFold=False;isAllIn=False, Two Pair:isFold=False;isAllIn=False, Pair:isFold=True;isAllIn=False"
2018-07-20 03:04:52,1520,1280,False,1520,Three of a Kind,"High Card:isFold=True;isAllIn=False, High Card:isFold=True;isAllIn=False, Pair:isFold=False;isAllIn=False"
2018-07-20 03:05:17,0,3840,False,240,High Card,"High Card:isFold=True;isAllIn=False, Pair:isFold=False;isAllIn=False, Pair:isFold=True;isAllIn=False"
2018-07-20 03:05:36,0,2080,True,80,High Card,"High Card:isFold=True;isAllIn=False, High Card:isFold=True;isAllIn=False, High Card:isFold=False;isAllIn=False"
2018-07-20 03:05:52,0,1460,False,0,High Card,"Pair:isFold=False;isAllIn=True, Pair:isFold=True;isAllIn=False, Two Pair:isFold=False;isAllIn=False"
2018-07-20 03:07:33,0,1120,False,2760,High Card,"Pair:isFold=False;isAllIn=False, Pair:isFold=True;isAllIn=False, Pair:isFold=True;isAllIn=False, Flush:isFold=True;isAllIn=False, Pair:isFold=True;isAllIn=False, High Card:isFold=True;isAllIn=False, High Card:isFold=True;isAllIn=False, Pair:isFold=False;isAllIn=False"
2018-07-20 03:08:00,0,8510,False,0,High Card,"Flush:isFold=True;isAllIn=False, Pair:isFold=True;isAllIn=False, Flush:isFold=True;isAllIn=False, Flush:isFold=True;isAllIn=False, Pair:isFold=True;isAllIn=False, High Card:isFold=True;isAllIn=False, Pair:isFold=False;isAllIn=True, High Card:isFold=False;isAllIn=True"
2018-07-20 03:17:21,0,1920,False,0,,"High Card:isFold=True;isAllIn=False, Pair:isFold=True;isAllIn=False, Pair:isFold=True;isAllIn=False, Pair:isFold=True;isAllIn=False, High Card:isFold=True;isAllIn=False, Pair:isFold=True;isAllIn=False, Pair:isFold=False;isAllIn=True"
2018-07-20 03:17:52,0,2560,False,0,,"Pair:isFold=True;isAllIn=False, Pair:isFold=True;isAllIn=False, Pair:isFold=True;isAllIn=False, Pair:isFold=True;isAllIn=False, Flush:isFold=True;isAllIn=False, Two Pair:isFold=True;isAllIn=False, Pair:isFold=False;isAllIn=True"
2018-07-20 03:18:27,0,1786,False,0,,"Two Pair:isFold=True;isAllIn=False, Two Pair:isFold=True;isAllIn=False, Two Pair:isFold=False;isAllIn=False, Pair:isFold=True;isAllIn=False, Two Pair:isFold=True;isAllIn=False, Three of a Kind:isFold=False;isAllIn=True, Two Pair:isFold=False;isAllIn=True"
2018-07-20 03:18:57,0,960,False,0,,"Two Pair:isFold=True;isAllIn=False, Two Pair:isFold=True;isAllIn=False, Two Pair:isFold=False;isAllIn=False, Pair:isFold=True;isAllIn=False, Pair:isFold=True;isAllIn=False, Two Pair:isFold=True;isAllIn=False"
2018-07-20 03:19:33,0,5956,False,0,,"Pair:isFold=True;isAllIn=False, Pair:isFold=True;isAllIn=False, Pair:isFold=False;isAllIn=True, Pair:isFold=True;isAllIn=False, Pair:isFold=True;isAllIn=False, Two Pair:isFold=True;isAllIn=False"
2018-07-20 03:19:53,0,1680,False,0,,"Pair:isFold=True;isAllIn=False, Pair:isFold=True;isAllIn=False, Two Pair:isFold=True;isAllIn=False, Straight:isFold=False;isAllIn=False, Pair:isFold=True;isAllIn=False, Two Pair:isFold=True;isAllIn=False"
2018-07-20 03:20:25,0,960,False,0,,"Two Pair:isFold=False;isAllIn=False, Two Pair:isFold=True;isAllIn=False, Pair:isFold=True;isAllIn=False, Pair:isFold=True;isAllIn=False, Two Pair:isFold=True;isAllIn=False, Pair:isFold=True;isAllIn=False"
2018-07-20 03:26:03,0,280,True,2960,Two Pair,"Pair:isFold=True;isAllIn=False, Pair:isFold=False;isAllIn=False, High Card:isFold=True;isAllIn=False, Pair:isFold=False;isAllIn=False"
2018-07-20 03:26:28,0,220,True,2960,Pair,"Straight:isFold=True;isAllIn=False, High Card:isFold=True;isAllIn=False, Pair:isFold=False;isAllIn=False, Two Pair:isFold=False;isAllIn=False"
2018-07-20 03:26:58,0,480,True,2860,Two Pair,"Pair:isFold=True;isAllIn=False, Two Pair:isFold=False;isAllIn=False, Pair:isFold=True;isAllIn=False, Two Pair:isFold=True;isAllIn=False"
2018-07-20 03:27:21,0,260,True,2840,Pair,"Pair:isFold=True;isAllIn=False, Pair:isFold=False;isAllIn=False, Pair:isFold=True;isAllIn=False, Two Pair:isFold=True;isAllIn=False"
2018-07-20 03:27:48,0,260,False,2760,Pair,"Three of a Kind:isFold=True;isAllIn=False, Pair:isFold=True;isAllIn=False, Pair:isFold=True;isAllIn=False, Full House:isFold=False;isAllIn=False"
2018-07-20 03:28:11,0,340,True,2740,High Card,"High Card:isFold=True;isAllIn=False, Pair:isFold=False;isAllIn=False, Pair:isFold=True;isAllIn=False, High Card:isFold=True;isAllIn=False"
2018-07-20 03:28:42,0,800,False,2540,High Card,"High Card:isFold=True;isAllIn=False, Two Pair:isFold=False;isAllIn=False, Pair:isFold=False;isAllIn=False, High Card:isFold=True;isAllIn=False"
2018-07-20 10:35:50,0,190,True,2940,Two Pair,"Two Pair:isFold=True;isAllIn=False, Pair:isFold=True;isAllIn=False, Three of a Kind:isFold=False;isAllIn=False, Pair:isFold=True;isAllIn=False"
2018-07-20 10:36:13,0,230,True,2880,Pair,"Pair:isFold=False;isAllIn=False, Pair:isFold=True;isAllIn=False, Pair:isFold=True;isAllIn=False, High Card:isFold=True;isAllIn=False"
2018-07-20 10:36:35,0,200,True,2840,Two Pair,"Two Pair:isFold=True;isAllIn=False, Two Pair:isFold=True;isAllIn=False, Three of a Kind:isFold=False;isAllIn=False, Two Pair:isFold=True;isAllIn=False"
2018-07-20 10:37:00,0,6080,False,0,Two Pair,"Two Pair:isFold=True;isAllIn=False, Two Pair:isFold=True;isAllIn=False, Flush:isFold=False;isAllIn=True, Pair:isFold=True;isAllIn=False"
2018-07-20 10:44:38,0,470,True,2880,Two Pair,"Three of a Kind:isFold=False;isAllIn=False, Two Pair:isFold=True;isAllIn=False, Pair:isFold=True;isAllIn=False, Pair:isFold=True;isAllIn=False, Two Pair:isFold=False;isAllIn=False"
2018-07-20 10:45:01,0,50,True,2880,Two Pair,"Two Pair:isFold=False;isAllIn=False, Pair:isFold=True;isAllIn=False, Pair:isFold=True;isAllIn=False, Pair:isFold=True;isAllIn=False, Two Pair:isFold=True;isAllIn=False"
2018-07-20 10:45:33,0,210,False,2780,High Card,"Pair:isFold=False;isAllIn=False, Pair:isFold=True;isAllIn=False, High Card:isFold=True;isAllIn=False, Pair:isFold=True;isAllIn=False, Straight:isFold=True;isAllIn=False"
2018-07-20 10:45:59,0,120,True,2740,Straight,"Three of a Kind:isFold=False;isAllIn=False, Flush:isFold=True;isAllIn=False, Flush:isFold=True;isAllIn=False, High Card:isFold=True;isAllIn=False, Pair:isFold=True;isAllIn=False"
2018-07-20 10:46:26,0,1734,True,2720,Pair,"Pair:isFold=True;isAllIn=False, Pair:isFold=True;isAllIn=False, Pair:isFold=True;isAllIn=False, Two Pair:isFold=True;isAllIn=False, Three of a Kind:isFold=False;isAllIn=False"
2018-07-20 10:46:54,0,120,True,2680,Two Pair,"Pair:isFold=True;isAllIn=False, Two Pair:isFold=True;isAllIn=False, Pair:isFold=True;isAllIn=False, Pair:isFold=True;isAllIn=False, Two Pair:isFold=False;isAllIn=False"
2018-07-20 10:47:30,0,420,False,2520,High Card,"Pair:isFold=True;isAllIn=False, High Card:isFold=True;isAllIn=False, Straight:isFold=True;isAllIn=False, Straight:isFold=True;isAllIn=False, Two Pair:isFold=False;isAllIn=False"
2018-07-20 10:48:15,0,3980,False,560,Pair,"Two Pair:isFold=False;isAllIn=False, Pair:isFold=True;isAllIn=False, Pair:isFold=True;isAllIn=False, Pair:isFold=True;isAllIn=False, Pair:isFold=True;isAllIn=False"
2018-07-20 10:48:46,1140,1140,False,1140,Pair,"Pair:isFold=False;isAllIn=False, Straight:isFold=True;isAllIn=False, Two Pair:isFold=True;isAllIn=False, High Card:isFold=True;isAllIn=False, Pair:isFold=True;isAllIn=False"
2018-07-20 10:49:11,0,240,True,1060,High Card,"Pair:isFold=False;isAllIn=False, High Card:isFold=True;isAllIn=False, Pair:isFold=True;isAllIn=False, Pair:isFold=True;isAllIn=False, Pair:isFold=True;isAllIn=False"
2018-07-20 10:49:45,0,380,True,1020,Pair,"Two Pair:isFold=False;isAllIn=False, Two Pair:isFold=True;isAllIn=False, Two Pair:isFold=True;isAllIn=False, Pair:isFold=True;isAllIn=False, Two Pair:isFold=False;isAllIn=False"
2018-07-20 10:50:20,0,480,False,860,High Card,"Pair:isFold=True;isAllIn=False, Two Pair:isFold=True;isAllIn=False, High Card:isFold=True;isAllIn=False, High Card:isFold=True;isAllIn=False, Pair:isFold=False;isAllIn=False"
2018-07-20 10:50:45,0,280,True,860,Pair,"High Card:isFold=True;isAllIn=False, Two Pair:isFold=True;isAllIn=False, High Card:isFold=True;isAllIn=False, Pair:isFold=True;isAllIn=False, Pair:isFold=False;isAllIn=False"
2018-07-20 10:51:12,360,360,False,1060,Pair,"High Card:isFold=True;isAllIn=False, Pair:isFold=True;isAllIn=False, High Card:isFold=True;isAllIn=False, Pair:isFold=True;isAllIn=False, Two Pair:isFold=True;isAllIn=False"
2018-07-20 10:51:36,200,200,False,1180,High Card,"High Card:isFold=True;isAllIn=False, Pair:isFold=True;isAllIn=False, High Card:isFold=True;isAllIn=False, High Card:isFold=True;isAllIn=False, Flush:isFold=True;isAllIn=False"
2018-07-20 10:52:00,400,400,False,1420,Pair,"Pair:isFold=True;isAllIn=False, Pair:isFold=True;isAllIn=False, High Card:isFold=True;isAllIn=False, Two Pair:isFold=True;isAllIn=False, High Card:isFold=True;isAllIn=False"
2018-07-20 10:52:26,0,240,True,1340,Two Pair,"Full House:isFold=True;isAllIn=False, Full House:isFold=True;isAllIn=False, Two Pair:isFold=True;isAllIn=False, Two Pair:isFold=True;isAllIn=False, Two Pair:isFold=False;isAllIn=False"
2018-07-20 10:52:59,560,560,False,1660,High Card,"Pair:isFold=True;isAllIn=False, Two Pair:isFold=True;isAllIn=False, High Card:isFold=True;isAllIn=False, Pair:isFold=True;isAllIn=False, High Card:isFold=True;isAllIn=False"
2018-07-20 10:53:33,1360,1360,False,2540,Two Pair,"Three of a Kind:isFold=True;isAllIn=False, Pair:isFold=True;isAllIn=False, Pair:isFold=True;isAllIn=False, Three of a Kind:isFold=True;isAllIn=False, Pair:isFold=True;isAllIn=False"
2018-07-20 10:53:59,0,400,True,2540,Pair,"Straight:isFold=True;isAllIn=False, High Card:isFold=False;isAllIn=False, High Card:isFold=True;isAllIn=False, Pair:isFold=True;isAllIn=False, Straight:isFold=True;isAllIn=False"
2018-07-20 10:54:29,0,5026,True,2540,Pair,"Pair:isFold=True;isAllIn=False, Two Pair:isFold=True;isAllIn=False, Pair:isFold=True;isAllIn=False, Pair:isFold=True;isAllIn=False, Three of a Kind:isFold=False;isAllIn=False"
2018-07-20 10:54:53,720,720,False,2940,High Card,"Pair:isFold=True;isAllIn=False, Two Pair:isFold=True;isAllIn=False, High Card:isFold=True;isAllIn=False, Pair:isFold=True;isAllIn=False, High Card:isFold=True;isAllIn=False"
2018-07-20 10:55:29,0,8813,False,0,Pair,"Pair:isFold=False;isAllIn=True, Two Pair:isFold=True;isAllIn=False, Two Pair:isFold=True;isAllIn=False, Pair:isFold=True;isAllIn=False, Three of a Kind:isFold=False;isAllIn=False"
2018-07-20 10:58:46,0,380,True,2900,Straight,"Two Pair:isFold=True;isAllIn=False, Pair:isFold=True;isAllIn=False, Pair:isFold=True;isAllIn=False, Pair:isFold=True;isAllIn=False, Flush:isFold=False;isAllIn=False"
2018-07-20 10:59:12,0,140,True,2900,Two Pair,"Pair:isFold=True;isAllIn=False, Pair:isFold=True;isAllIn=False, Pair:isFold=True;isAllIn=False, Pair:isFold=True;isAllIn=False, Straight:isFold=False;isAllIn=False"
2018-07-20 10:59:53,0,3160,True,2900,Two Pair,"Three of a Kind:isFold=False;isAllIn=False, Two Pair:isFold=False;isAllIn=False, Straight:isFold=True;isAllIn=False, Pair:isFold=True;isAllIn=False, Two Pair:isFold=True;isAllIn=False"
2018-07-20 11:00:48,0,2400,True,2860,Two Pair,"High Card:isFold=True;isAllIn=False, Pair:isFold=False;isAllIn=False, High Card:isFold=True;isAllIn=False, Pair:isFold=False;isAllIn=False, Pair:isFold=False;isAllIn=False"
2018-07-20 11:01:12,0,110,True,2820,Two Pair,"Three of a Kind:isFold=True;isAllIn=False, Pair:isFold=False;isAllIn=False, Pair:isFold=True;isAllIn=False, Two Pair:isFold=True;isAllIn=False, Pair:isFold=True;isAllIn=False"
2018-07-20 11:01:37,0,120,True,2780,Two Pair,"Two Pair:isFold=True;isAllIn=False, Pair:isFold=False;isAllIn=False, Two Pair:isFold=True;isAllIn=False, Pair:isFold=True;isAllIn=False, Pair:isFold=True;isAllIn=False"
2018-07-20 11:02:15,0,2780,False,446,High Card,"Straight:isFold=False;isAllIn=False, Flush:isFold=False;isAllIn=True, High Card:isFold=True;isAllIn=False, Pair:isFold=True;isAllIn=False, High Card:isFold=True;isAllIn=False"
2018-07-20 11:02:48,520,520,False,806,High Card,"Pair:isFold=True;isAllIn=False, Pair:isFold=True;isAllIn=False, Three of a Kind:isFold=True;isAllIn=False, Pair:isFold=True;isAllIn=False, High Card:isFold=True;isAllIn=False"
2018-07-20 11:03:23,0,3186,False,0,High Card,"Pair:isFold=True;isAllIn=False, High Card:isFold=True;isAllIn=False, Two Pair:isFold=True;isAllIn=False, High Card:isFold=True;isAllIn=False, Two Pair:isFold=False;isAllIn=True"
2018-07-20 11:13:22,0,6260,True,2940,Pair,"Pair:isFold=True;isAllIn=False, High Card:isFold=True;isAllIn=False, Two Pair:isFold=False;isAllIn=True, High Card:isFold=True;isAllIn=False, Pair:isFold=True;isAllIn=False, High Card:isFold=True;isAllIn=False, Pair:isFold=False;isAllIn=True"
2018-07-20 11:14:04,0,400,False,2840,High Card,"Pair:isFold=True;isAllIn=False, Pair:isFold=True;isAllIn=False, Pair:isFold=False;isAllIn=False, Two Pair:isFold=True;isAllIn=False, High Card:isFold=True;isAllIn=False, Pair:isFold=False;isAllIn=False"
2018-07-20 11:14:32,0,140,True,2840,Two Pair,"Pair:isFold=True;isAllIn=False, Three of a Kind:isFold=False;isAllIn=False, Pair:isFold=True;isAllIn=False, Three of a Kind:isFold=True;isAllIn=False, Pair:isFold=True;isAllIn=False, Pair:isFold=True;isAllIn=False"
2018-07-20 11:15:10,340,340,False,3080,Two Pair,"High Card:isFold=True;isAllIn=False, Pair:isFold=False;isAllIn=False, Pair:isFold=True;isAllIn=False, Straight:isFold=True;isAllIn=False, High Card:isFold=True;isAllIn=False, Pair:isFold=True;isAllIn=False"
2018-07-20 11:15:43,160,160,False,3200,Pair,"Pair:isFold=True;isAllIn=False, Pair:isFold=True;isAllIn=False, Pair:isFold=True;isAllIn=False, Pair:isFold=True;isAllIn=False, Pair:isFold=True;isAllIn=False, Straight:isFold=True;isAllIn=False"
2018-07-20 11:16:30,0,3150,True,3200,High Card,"Pair:isFold=True;isAllIn=False, Two Pair:isFold=False;isAllIn=False, Pair:isFold=True;isAllIn=False, Pair:isFold=True;isAllIn=False, Straight:isFold=False;isAllIn=False, Straight:isFold=True;isAllIn=False"
2018-07-20 11:16:59,0,160,True,3160,Pair,"High Card:isFold=True;isAllIn=False, Pair:isFold=False;isAllIn=False, High Card:isFold=True;isAllIn=False, Pair:isFold=True;isAllIn=False, High Card:isFold=True;isAllIn=False, Two Pair:isFold=True;isAllIn=False"
2018-07-20 11:17:32,0,640,True,3040,Two Pair,"Two Pair:isFold=True;isAllIn=False, Two Pair:isFold=True;isAllIn=False, Two Pair:isFold=True;isAllIn=False, Two Pair:isFold=True;isAllIn=False, Two Pair:isFold=True;isAllIn=False, Two Pair:isFold=False;isAllIn=False"
2018-07-20 11:18:02,0,340,True,3020,Two Pair,"Pair:isFold=True;isAllIn=False, Pair:isFold=True;isAllIn=False, Two Pair:isFold=True;isAllIn=False, Pair:isFold=True;isAllIn=False, Pair:isFold=True;isAllIn=False, Two Pair:isFold=False;isAllIn=False"
2018-07-20 11:18:32,0,870,True,2740,Two Pair,"Full House:isFold=False;isAllIn=False, Two Pair:isFold=True;isAllIn=False, Two Pair:isFold=True;isAllIn=False, Two Pair:isFold=True;isAllIn=False, Two Pair:isFold=True;isAllIn=False, Two Pair:isFold=True;isAllIn=False"
2018-07-20 11:19:03,0,360,True,2660,Two Pair,"Pair:isFold=True;isAllIn=False, Three of a Kind:isFold=True;isAllIn=False, Two Pair:isFold=True;isAllIn=False, Pair:isFold=True;isAllIn=False, Straight:isFold=True;isAllIn=False, Pair:isFold=False;isAllIn=False"
2018-07-20 11:19:38,0,640,True,2660,Pair,"Pair:isFold=True;isAllIn=False, Two Pair:isFold=False;isAllIn=False, Pair:isFold=False;isAllIn=False, Pair:isFold=True;isAllIn=False, Pair:isFold=True;isAllIn=False, Pair:isFold=True;isAllIn=False"
2018-07-20 11:20:17,0,2440,True,2660,Two Pair,"Full House:isFold=False;isAllIn=False, Two Pair:isFold=False;isAllIn=False, Pair:isFold=True;isAllIn=False, Pair:isFold=True;isAllIn=False, Two Pair:isFold=True;isAllIn=False, Pair:isFold=True;isAllIn=False"
2018-07-20 11:20:56,0,680,True,2540,Two Pair,"Two Pair:isFold=True;isAllIn=False, Pair:isFold=True;isAllIn=False, Pair:isFold=True;isAllIn=False, Two Pair:isFold=True;isAllIn=False, Two Pair:isFold=False;isAllIn=False, Pair:isFold=True;isAllIn=False"
2018-07-20 11:21:38,8020,8020,False,8020,Full House,"Pair:isFold=True;isAllIn=False, Two Pair:isFold=True;isAllIn=False, Two Pair:isFold=False;isAllIn=False, Pair:isFold=True;isAllIn=False, Three of a Kind:isFold=False;isAllIn=False, Pair:isFold=True;isAllIn=False"
2018-07-20 11:22:11,0,1400,True,7980,Pair,"Pair:isFold=True;isAllIn=False, Pair:isFold=True;isAllIn=False, Two Pair:isFold=False;isAllIn=False, Two Pair:isFold=True;isAllIn=False, Pair:isFold=True;isAllIn=False, Two Pair:isFold=True;isAllIn=False"
2018-07-20 11:22:41,0,640,True,7980,High Card,"Pair:isFold=True;isAllIn=False, Pair:isFold=True;isAllIn=False, Pair:isFold=True;isAllIn=False, Pair:isFold=True;isAllIn=False, Pair:isFold=True;isAllIn=False, Pair:isFold=False;isAllIn=False"
2018-07-20 11:23:13,0,1200,True,7980,Pair,"Two Pair:isFold=True;isAllIn=False, Pair:isFold=False;isAllIn=True, Pair:isFold=True;isAllIn=False, Two Pair:isFold=True;isAllIn=False, Pair:isFold=True;isAllIn=False, Pair:isFold=False;isAllIn=False"
2018-07-20 11:23:32,0,280,True,7980,Pair,"Three of a Kind:isFold=False;isAllIn=False, Pair:isFold=True;isAllIn=False, Pair:isFold=True;isAllIn=False, Two Pair:isFold=True;isAllIn=False, Two Pair:isFold=True;isAllIn=False"
2018-07-20 11:24:02,0,1320,True,7900,High Card,"Pair:isFold=False;isAllIn=False, Pair:isFold=False;isAllIn=False, High Card:isFold=True;isAllIn=False, High Card:isFold=True;isAllIn=False, Two Pair:isFold=True;isAllIn=False"
2018-07-20 11:24:29,0,1280,True,7740,Three of a Kind,"Pair:isFold=True;isAllIn=False, Pair:isFold=True;isAllIn=False, Two Pair:isFold=True;isAllIn=False, Pair:isFold=True;isAllIn=False, Pair:isFold=False;isAllIn=False"
2018-07-20 11:24:52,0,1040,True,7660,Pair,"Straight:isFold=True;isAllIn=False, Pair:isFold=False;isAllIn=False, Pair:isFold=True;isAllIn=False, High Card:isFold=True;isAllIn=False, Pair:isFold=True;isAllIn=False"
2018-07-20 11:25:17,0,1120,True,7660,High Card,"High Card:isFold=True;isAllIn=False, Pair:isFold=True;isAllIn=False, High Card:isFold=True;isAllIn=False, Pair:isFold=True;isAllIn=False, Pair:isFold=False;isAllIn=False"
2018-07-20 11:25:59,550,550,False,4230,Pair,"Pair:isFold=True;isAllIn=False, Pair:isFold=False;isAllIn=True, High Card:isFold=True;isAllIn=False, Pair:isFold=True;isAllIn=False, Two Pair:isFold=True;isAllIn=False"
2018-07-20 11:26:28,1840,1840,False,5430,Two Pair,"Two Pair:isFold=True;isAllIn=False, Three of a Kind:isFold=True;isAllIn=False, Pair:isFold=True;isAllIn=False, Two Pair:isFold=True;isAllIn=False, Two Pair:isFold=False;isAllIn=False"
2018-07-20 11:26:56,0,1920,True,4950,Pair,"High Card:isFold=True;isAllIn=False, High Card:isFold=True;isAllIn=False, Pair:isFold=True;isAllIn=False, Pair:isFold=True;isAllIn=False, Two Pair:isFold=False;isAllIn=False"
2018-07-20 11:27:16,0,1430,True,4630,Pair,"High Card:isFold=True;isAllIn=False, Pair:isFold=True;isAllIn=False, Two Pair:isFold=True;isAllIn=False, Pair:isFold=False;isAllIn=True, Pair:isFold=False;isAllIn=False"
2018-07-20 11:27:43,2560,2560,False,5910,Two Pair,"Two Pair:isFold=True;isAllIn=False, Full House:isFold=True;isAllIn=False, Pair:isFold=True;isAllIn=False, Pair:isFold=True;isAllIn=False"
2018-07-20 11:28:13,5760,5760,False,9750,Pair,"High Card:isFold=True;isAllIn=False, High Card:isFold=True;isAllIn=False, Pair:isFold=True;isAllIn=False, High Card:isFold=True;isAllIn=False"
2018-07-20 11:28:43,0,110,True,3000,Two Pair,"Pair:isFold=True;isAllIn=False, Pair:isFold=True;isAllIn=False, Two Pair:isFold=True;isAllIn=False, Pair:isFold=True;isAllIn=False, Two Pair:isFold=False;isAllIn=False, Two Pair:isFold=True;isAllIn=False, Pair:isFold=True;isAllIn=False"
2018-07-20 11:29:20,250,250,False,3170,High Card,"Pair:isFold=True;isAllIn=False, High Card:isFold=True;isAllIn=False, High Card:isFold=True;isAllIn=False, Pair:isFold=True;isAllIn=False, Pair:isFold=True;isAllIn=False, Pair:isFold=True;isAllIn=False, High Card:isFold=True;isAllIn=False"
2018-07-20 11:30:03,0,3200,True,3130,High Card,"Pair:isFold=True;isAllIn=False, Three of a Kind:isFold=True;isAllIn=False, Pair:isFold=True;isAllIn=False, High Card:isFold=True;isAllIn=False, Pair:isFold=True;isAllIn=False, Flush:isFold=False;isAllIn=True, Pair:isFold=True;isAllIn=False"
2018-07-20 11:30:34,0,160,True,3110,Two Pair,"Two Pair:isFold=True;isAllIn=False, Two Pair:isFold=True;isAllIn=False, Two Pair:isFold=True;isAllIn=False, Two Pair:isFold=True;isAllIn=False, Two Pair:isFold=True;isAllIn=False, Two Pair:isFold=False;isAllIn=False, Two Pair:isFold=True;isAllIn=False"
2018-07-20 11:31:29,0,1400,False,2690,High Card,"Pair:isFold=True;isAllIn=False, Two Pair:isFold=False;isAllIn=False, Pair:isFold=True;isAllIn=False, High Card:isFold=True;isAllIn=False, Pair:isFold=True;isAllIn=False, Pair:isFold=False;isAllIn=False, Pair:isFold=True;isAllIn=False"
2018-07-20 11:32:05,0,250,True,2610,Two Pair,"Pair:isFold=True;isAllIn=False, Two Pair:isFold=True;isAllIn=False, Two Pair:isFold=True;isAllIn=False, Pair:isFold=True;isAllIn=False, Pair:isFold=True;isAllIn=False, Full House:isFold=True;isAllIn=False, Two Pair:isFold=False;isAllIn=False"
2018-07-20 11:32:47,0,5820,False,0,Pair,"Two Pair:isFold=True;isAllIn=False, Pair:isFold=True;isAllIn=False, Three of a Kind:isFold=True;isAllIn=False, Two Pair:isFold=True;isAllIn=False, Pair:isFold=True;isAllIn=False, Full House:isFold=False;isAllIn=True, Two Pair:isFold=True;isAllIn=False"
2018-07-20 11:44:25,0,3330,True,3000,Three of a Kind,"Three of a Kind:isFold=True;isAllIn=False, Four of a kind:isFold=True;isAllIn=False, Three of a Kind:isFold=True;isAllIn=False, Three of a Kind:isFold=True;isAllIn=False, Full House:isFold=True;isAllIn=False, Full House:isFold=False;isAllIn=True, Three of a Kind:isFold=True;isAllIn=False, Full House:isFold=True;isAllIn=False, Three of a Kind:isFold=True;isAllIn=False"
2018-07-20 11:45:09,0,360,True,3000,Two Pair,"Two Pair:isFold=False;isAllIn=False, Two Pair:isFold=True;isAllIn=False, Pair:isFold=True;isAllIn=False, Pair:isFold=False;isAllIn=False, Three of a Kind:isFold=True;isAllIn=False, Pair:isFold=True;isAllIn=False, Two Pair:isFold=False;isAllIn=False, Pair:isFold=True;isAllIn=False, Pair:isFold=True;isAllIn=False"
2018-07-20 11:46:01,0,760,True,2800,Two Pair,"Pair:isFold=False;isAllIn=False, High Card:isFold=True;isAllIn=False, High Card:isFold=True;isAllIn=False, Pair:isFold=True;isAllIn=False, Pair:isFold=True;isAllIn=False, High Card:isFold=True;isAllIn=False, High Card:isFold=True;isAllIn=False, Pair:isFold=True;isAllIn=False, High Card:isFold=True;isAllIn=False"
2018-07-20 11:47:01,0,740,True,2780,Pair,"Two Pair:isFold=False;isAllIn=False, Pair:isFold=True;isAllIn=False, Pair:isFold=True;isAllIn=False, Pair:isFold=True;isAllIn=False, Pair:isFold=True;isAllIn=False, Two Pair:isFold=False;isAllIn=False, Pair:isFold=True;isAllIn=False, Two Pair:isFold=True;isAllIn=False, Pair:isFold=True;isAllIn=False"
2018-07-20 11:58:55,920,920,False,920,Pair,"Straight:isFold=False;isAllIn=True, Pair:isFold=True;isAllIn=False, Two Pair:isFold=True;isAllIn=False, Pair:isFold=True;isAllIn=False, Three of a Kind:isFold=True;isAllIn=False, Two Pair:isFold=True;isAllIn=False, Three of a Kind:isFold=True;isAllIn=True, Two Pair:isFold=True;isAllIn=False, Two Pair:isFold=True;isAllIn=False"
2018-07-20 11:59:22,3090,3090,False,3090,Pair,"Two Pair:isFold=True;isAllIn=False, Pair:isFold=True;isAllIn=False, Pair:isFold=True;isAllIn=False, Pair:isFold=True;isAllIn=False, Pair:isFold=True;isAllIn=False, Pair:isFold=True;isAllIn=False, Full House:isFold=True;isAllIn=False, Pair:isFold=True;isAllIn=False"
2018-07-20 11:59:48,6180,6180,False,6180,Two Pair,"Pair:isFold=True;isAllIn=False, Pair:isFold=True;isAllIn=False, Pair:isFold=True;isAllIn=False, Pair:isFold=True;isAllIn=False, Three of a Kind:isFold=True;isAllIn=False, Two Pair:isFold=False;isAllIn=True, Two Pair:isFold=True;isAllIn=False, Pair:isFold=True;isAllIn=False"
2018-07-20 12:01:17,0,200,False,0,,"Pair:isFold=True;isAllIn=False, Pair:isFold=False;isAllIn=False, Pair:isFold=True;isAllIn=False, Three of a Kind:isFold=True;isAllIn=False, Pair:isFold=True;isAllIn=False, Pair:isFold=True;isAllIn=False, Two Pair:isFold=False;isAllIn=False, Pair:isFold=True;isAllIn=False"
2018-07-20 12:02:04,0,3230,True,6120,Two Pair,"Full House:isFold=False;isAllIn=True, Two Pair:isFold=True;isAllIn=False, Straight:isFold=True;isAllIn=False, Two Pair:isFold=True;isAllIn=False, Full House:isFold=True;isAllIn=False, Full House:isFold=True;isAllIn=False, Two Pair:isFold=True;isAllIn=False"
2018-07-20 12:02:41,0,210,True,6120,Three of a Kind,"Pair:isFold=True;isAllIn=False, Two Pair:isFold=True;isAllIn=False, Two Pair:isFold=True;isAllIn=False, Pair:isFold=True;isAllIn=False, Pair:isFold=False;isAllIn=False, Two Pair:isFold=True;isAllIn=False, Pair:isFold=True;isAllIn=False"
2018-07-20 12:03:25,0,3390,True,6100,High Card,"Straight:isFold=False;isAllIn=True, High Card:isFold=True;isAllIn=False, Pair:isFold=True;isAllIn=False, Pair:isFold=True;isAllIn=False, Pair:isFold=True;isAllIn=False, High Card:isFold=True;isAllIn=False, Pair:isFold=True;isAllIn=False"
2018-07-20 12:04:06,0,350,True,6090,Pair,"High Card:isFold=True;isAllIn=False, Pair:isFold=False;isAllIn=False, High Card:isFold=True;isAllIn=False, Pair:isFold=True;isAllIn=False, Pair:isFold=False;isAllIn=False, High Card:isFold=True;isAllIn=False, Pair:isFold=True;isAllIn=False"
2018-07-20 12:04:46,0,720,True,6090,Two Pair,"Two Pair:isFold=True;isAllIn=False, Two Pair:isFold=False;isAllIn=False, Two Pair:isFold=True;isAllIn=False, Two Pair:isFold=True;isAllIn=False, Two Pair:isFold=False;isAllIn=False, Two Pair:isFold=True;isAllIn=False, Two Pair:isFold=True;isAllIn=False"
2018-07-20 12:05:30,0,2990,True,6090,High Card,"Straight:isFold=True;isAllIn=False, Two Pair:isFold=True;isAllIn=False, Straight:isFold=True;isAllIn=False, Two Pair:isFold=True;isAllIn=False, Straight:isFold=False;isAllIn=True, Straight:isFold=True;isAllIn=False, Pair:isFold=True;isAllIn=False"
2018-07-20 12:06:24,0,780,True,6090,Pair,"Pair:isFold=False;isAllIn=False, High Card:isFold=False;isAllIn=False, High Card:isFold=True;isAllIn=False, Pair:isFold=True;isAllIn=False, Two Pair:isFold=False;isAllIn=False, High Card:isFold=True;isAllIn=False, Pair:isFold=True;isAllIn=False"
2018-07-20 12:07:05,0,540,True,6090,Pair,"Pair:isFold=True;isAllIn=False, Pair:isFold=False;isAllIn=False, High Card:isFold=True;isAllIn=False, Flush:isFold=True;isAllIn=False, Straight:isFold=True;isAllIn=False, Pair:isFold=True;isAllIn=False, Pair:isFold=True;isAllIn=False"
2018-07-20 12:07:46,0,3730,True,6050,High Card,"Pair:isFold=True;isAllIn=False, Pair:isFold=True;isAllIn=False, Pair:isFold=True;isAllIn=False, High Card:isFold=True;isAllIn=False, Flush:isFold=False;isAllIn=True, High Card:isFold=True;isAllIn=False, High Card:isFold=True;isAllIn=False"
2018-07-20 12:08:22,0,420,True,6050,Two Pair,"Two Pair:isFold=False;isAllIn=False, Pair:isFold=False;isAllIn=False, Flush:isFold=True;isAllIn=False, Pair:isFold=True;isAllIn=False, Pair:isFold=True;isAllIn=False, Pair:isFold=True;isAllIn=False, Two Pair:isFold=True;isAllIn=False"
2018-07-20 12:08:59,0,380,True,6010,Pair,"Pair:isFold=True;isAllIn=False, Pair:isFold=False;isAllIn=False, Pair:isFold=True;isAllIn=False, Two Pair:isFold=True;isAllIn=False, Pair:isFold=True;isAllIn=False, Pair:isFold=True;isAllIn=False, Two Pair:isFold=True;isAllIn=False"
2018-07-20 12:09:30,0,180,True,5990,Pair,"Pair:isFold=True;isAllIn=False, Pair:isFold=False;isAllIn=False, Two Pair:isFold=True;isAllIn=False, Full House:isFold=True;isAllIn=False, Two Pair:isFold=True;isAllIn=False, Pair:isFold=True;isAllIn=False, Two Pair:isFold=True;isAllIn=False"
2018-07-20 12:10:09,0,720,True,5990,Pair,"Pair:isFold=True;isAllIn=False, High Card:isFold=False;isAllIn=False, Pair:isFold=True;isAllIn=False, High Card:isFold=True;isAllIn=False, High Card:isFold=False;isAllIn=False, Pair:isFold=True;isAllIn=False, Pair:isFold=True;isAllIn=False"
2018-07-20 12:10:43,0,3800,True,5910,Three of a Kind,"Straight:isFold=True;isAllIn=False, Two Pair:isFold=False;isAllIn=True, Pair:isFold=True;isAllIn=False, Two Pair:isFold=True;isAllIn=False, Pair:isFold=True;isAllIn=False, Pair:isFold=True;isAllIn=False, Pair:isFold=True;isAllIn=False"
2018-07-20 12:11:35,1880,1880,False,7310,Pair,"Pair:isFold=True;isAllIn=False, Pair:isFold=False;isAllIn=False, Pair:isFold=True;isAllIn=False, Pair:isFold=True;isAllIn=False, Pair:isFold=False;isAllIn=False, High Card:isFold=True;isAllIn=False, Pair:isFold=True;isAllIn=False"
2018-07-20 12:12:18,0,920,True,7150,High Card,"Pair:isFold=False;isAllIn=False, Pair:isFold=False;isAllIn=False, High Card:isFold=True;isAllIn=False, Two Pair:isFold=True;isAllIn=False, Pair:isFold=True;isAllIn=False, Pair:isFold=True;isAllIn=False, Straight:isFold=True;isAllIn=False"
2018-07-20 12:12:56,0,480,True,7150,High Card,"Pair:isFold=True;isAllIn=False, Two Pair:isFold=False;isAllIn=False, High Card:isFold=True;isAllIn=False, Two Pair:isFold=True;isAllIn=False, High Card:isFold=True;isAllIn=False, High Card:isFold=True;isAllIn=False, Pair:isFold=True;isAllIn=False"
2018-07-20 12:13:38,0,1160,True,7070,High Card,"Pair:isFold=False;isAllIn=False, Pair:isFold=False;isAllIn=False, Straight:isFold=True;isAllIn=False, Pair:isFold=True;isAllIn=False, Two Pair:isFold=False;isAllIn=False, Two Pair:isFold=True;isAllIn=False, Pair:isFold=True;isAllIn=False"
2018-07-20 12:14:13,7350,7350,False,7350,High Card,"High Card:isFold=True;isAllIn=False, Straight:isFold=True;isAllIn=False, Pair:isFold=True;isAllIn=False, Flush:isFold=True;isAllIn=False, Pair:isFold=True;isAllIn=False, Pair:isFold=True;isAllIn=False, Straight:isFold=True;isAllIn=False"
2018-07-20 12:14:45,0,140,True,2980,Two Pair,"Pair:isFold=False;isAllIn=False, Pair:isFold=True;isAllIn=False, Two Pair:isFold=False;isAllIn=False, Two Pair:isFold=True;isAllIn=False"
2018-07-20 12:15:13,0,270,True,2970,Pair,"Pair:isFold=False;isAllIn=False, High Card:isFold=True;isAllIn=False, High Card:isFold=True;isAllIn=False, Pair:isFold=False;isAllIn=False"
2018-07-20 12:15:39,0,85,True,2950,Straight,"Straight:isFold=False;isAllIn=False, Straight:isFold=True;isAllIn=False, Straight:isFold=False;isAllIn=False, Straight:isFold=True;isAllIn=False"
2018-07-20 12:16:12,0,300,True,2890,Pair,"Pair:isFold=False;isAllIn=False, High Card:isFold=True;isAllIn=False, Two Pair:isFold=False;isAllIn=False, High Card:isFold=True;isAllIn=False"
2018-07-20 12:16:43,0,260,True,2890,Pair,"High Card:isFold=False;isAllIn=False, High Card:isFold=True;isAllIn=False, Pair:isFold=False;isAllIn=False, Pair:isFold=False;isAllIn=False"
2018-07-20 12:17:10,500,500,False,3190,Full House,"Three of a Kind:isFold=False;isAllIn=False, Three of a Kind:isFold=True;isAllIn=False, Full House:isFold=True;isAllIn=False, Full House:isFold=True;isAllIn=False"
2018-07-20 12:17:36,0,420,True,3170,Two Pair,"Pair:isFold=False;isAllIn=False, Pair:isFold=True;isAllIn=False, Two Pair:isFold=True;isAllIn=False, Two Pair:isFold=False;isAllIn=False"
2018-07-20 12:18:04,0,3550,True,3090,High Card,"High Card:isFold=True;isAllIn=False, High Card:isFold=True;isAllIn=False, Flush:isFold=True;isAllIn=False, Three of a Kind:isFold=False;isAllIn=True"
2018-07-20 12:18:34,0,460,True,3050,High Card,"Flush:isFold=True;isAllIn=False, Flush:isFold=False;isAllIn=False, High Card:isFold=True;isAllIn=False, Pair:isFold=False;isAllIn=False"
2018-07-20 12:19:01,0,240,True,3050,Two Pair,"Pair:isFold=True;isAllIn=False, High Card:isFold=False;isAllIn=False, Pair:isFold=False;isAllIn=False, Pair:isFold=True;isAllIn=False"
2018-07-20 12:19:32,0,1200,True,2970,High Card,"Pair:isFold=False;isAllIn=False, Pair:isFold=False;isAllIn=False, Pair:isFold=True;isAllIn=False, Two Pair:isFold=False;isAllIn=False"
2018-07-20 12:20:04,0,1160,True,2930,High Card,"High Card:isFold=False;isAllIn=False, Pair:isFold=True;isAllIn=False, Pair:isFold=False;isAllIn=False, High Card:isFold=True;isAllIn=False"
2018-07-20 12:20:37,0,1760,True,2770,Straight,"Pair:isFold=False;isAllIn=False, Three of a Kind:isFold=True;isAllIn=False, High Card:isFold=True;isAllIn=False, Pair:isFold=False;isAllIn=False"
2018-07-20 12:21:07,0,3230,True,2690,Pair,"Pair:isFold=False;isAllIn=True, High Card:isFold=True;isAllIn=False, Pair:isFold=False;isAllIn=False, Pair:isFold=True;isAllIn=False"
2018-07-20 12:21:42,0,5670,True,2690,Flush,"Two Pair:isFold=True;isAllIn=False, Pair:isFold=True;isAllIn=False, Flush:isFold=True;isAllIn=False, Flush:isFold=False;isAllIn=True"
2018-07-20 12:22:06,0,1120,True,2530,Two Pair,"Pair:isFold=True;isAllIn=False, Two Pair:isFold=False;isAllIn=False, Pair:isFold=True;isAllIn=False, Two Pair:isFold=True;isAllIn=False"
2018-07-20 12:22:36,0,2320,True,2450,Pair,"Pair:isFold=True;isAllIn=False, Pair:isFold=True;isAllIn=False, High Card:isFold=False;isAllIn=False, Pair:isFold=True;isAllIn=False"
2018-07-20 12:23:08,0,2240,True,2450,Two Pair,"High Card:isFold=False;isAllIn=False, High Card:isFold=True;isAllIn=False, High Card:isFold=False;isAllIn=False, Pair:isFold=True;isAllIn=False"
2018-07-20 12:23:34,0,7410,False,0,Pair,"Two Pair:isFold=False;isAllIn=True, Pair:isFold=True;isAllIn=False, Three of a Kind:isFold=False;isAllIn=False, Pair:isFold=True;isAllIn=False"
2018-07-20 12:24:53,0,1220,True,3000,Three of a Kind,"Full House:isFold=False;isAllIn=False, Full House:isFold=True;isAllIn=False, Four of a kind:isFold=False;isAllIn=False, Three of a Kind:isFold=False;isAllIn=False, Three of a Kind:isFold=True;isAllIn=False"
2018-07-20 12:25:18,40,40,False,40,Full House,"Pair:isFold=True;isAllIn=False, Four of a kind:isFold=False;isAllIn=True, Two Pair:isFold=False;isAllIn=True, Straight:isFold=True;isAllIn=False, Pair:isFold=True;isAllIn=False"
2018-07-20 12:26:04,0,4240,True,20,High Card,"Three of a Kind:isFold=False;isAllIn=True, Pair:isFold=True;isAllIn=False, Pair:isFold=False;isAllIn=True, Pair:isFold=True;isAllIn=False, High Card:isFold=True;isAllIn=False"
2018-07-20 12:26:38,0,830,True,10,Pair,"Pair:isFold=False;isAllIn=False, High Card:isFold=True;isAllIn=False, Pair:isFold=False;isAllIn=False, Pair:isFold=True;isAllIn=False"
2018-07-20 12:26:57,0,50,True,10,High Card,"Pair:isFold=True;isAllIn=False, Pair:isFold=True;isAllIn=False, Pair:isFold=True;isAllIn=False, High Card:isFold=False;isAllIn=False"
2018-07-20 12:27:22,0,90,True,10,High Card,"Pair:isFold=True;isAllIn=False, Two Pair:isFold=True;isAllIn=False, Pair:isFold=False;isAllIn=False, Pair:isFold=True;isAllIn=False"
2018-07-20 12:27:53,0,240,True,10,High Card,"High Card:isFold=True;isAllIn=False, High Card:isFold=True;isAllIn=False, Pair:isFold=False;isAllIn=False, Two Pair:isFold=False;isAllIn=False"
2018-07-20 12:28:22,30,30,False,30,Full House,"Two Pair:isFold=True;isAllIn=False, Two Pair:isFold=True;isAllIn=False, Two Pair:isFold=False;isAllIn=False, Two Pair:isFold=False;isAllIn=False"
2018-07-20 12:28:44,0,110,False,0,Pair,"Pair:isFold=True;isAllIn=False, Pair:isFold=True;isAllIn=False, Two Pair:isFold=True;isAllIn=False, Straight:isFold=False;isAllIn=False"
2018-07-20 12:38:58,0,40,True,3000,Three of a Kind,"Three of a Kind:isFold=True;isAllIn=False, Three of a Kind:isFold=False;isAllIn=False, Three of a Kind:isFold=True;isAllIn=False, Three of a Kind:isFold=False;isAllIn=False"
2018-07-20 12:39:26,0,260,True,3000,Pair,"Two Pair:isFold=False;isAllIn=False, Two Pair:isFold=False;isAllIn=False, Two Pair:isFold=False;isAllIn=False, Straight:isFold=True;isAllIn=False"
2018-07-20 12:40:04,0,320,True,2960,High Card,"Pair:isFold=False;isAllIn=False, Pair:isFold=True;isAllIn=False, High Card:isFold=False;isAllIn=False, Pair:isFold=False;isAllIn=False"
2018-07-20 12:40:35,0,280,True,2940,Pair,"Straight:isFold=False;isAllIn=False, Pair:isFold=False;isAllIn=False, Straight:isFold=True;isAllIn=False, High Card:isFold=True;isAllIn=False"
2018-07-20 12:41:11,0,1230,True,2930,High Card,"Pair:isFold=True;isAllIn=False, Pair:isFold=False;isAllIn=False, Pair:isFold=False;isAllIn=False, High Card:isFold=True;isAllIn=False"
2018-07-20 12:41:38,0,440,True,2850,High Card,"Pair:isFold=False;isAllIn=False, Pair:isFold=False;isAllIn=False, High Card:isFold=True;isAllIn=False, Pair:isFold=True;isAllIn=False"
2018-07-20 12:42:00,0,360,True,2730,High Card,"Pair:isFold=True;isAllIn=False, Two Pair:isFold=False;isAllIn=False, Pair:isFold=True;isAllIn=False, Flush:isFold=True;isAllIn=False"
2018-07-20 12:42:27,0,200,True,2730,Pair,"Pair:isFold=True;isAllIn=False, High Card:isFold=False;isAllIn=False, Pair:isFold=False;isAllIn=False, High Card:isFold=True;isAllIn=False"
2018-07-20 12:43:02,0,920,True,2530,High Card,"Pair:isFold=True;isAllIn=False, Pair:isFold=False;isAllIn=False, High Card:isFold=True;isAllIn=False, Pair:isFold=False;isAllIn=False"
2018-07-20 12:43:28,0,180,True,2510,Pair,"Pair:isFold=True;isAllIn=False, Pair:isFold=False;isAllIn=False, Two Pair:isFold=True;isAllIn=False, Pair:isFold=False;isAllIn=False"
2018-07-20 12:44:04,0,4720,True,2430,High Card,"Pair:isFold=False;isAllIn=False, Pair:isFold=False;isAllIn=False, Pair:isFold=True;isAllIn=False, Pair:isFold=False;isAllIn=False"
2018-07-20 12:44:38,0,1120,True,2430,Pair,"High Card:isFold=True;isAllIn=False, Pair:isFold=False;isAllIn=False, Pair:isFold=True;isAllIn=False, High Card:isFold=True;isAllIn=False"
2018-07-20 12:45:10,0,960,True,2430,Full House,"Two Pair:isFold=False;isAllIn=False, Pair:isFold=False;isAllIn=False, Pair:isFold=True;isAllIn=False, Two Pair:isFold=True;isAllIn=False"
2018-07-20 12:45:49,880,880,False,2830,Pair,"High Card:isFold=True;isAllIn=False, High Card:isFold=True;isAllIn=False, Pair:isFold=False;isAllIn=False, Pair:isFold=True;isAllIn=False"
2018-07-20 12:46:09,5900,5900,False,5900,Straight,"Pair:isFold=True;isAllIn=False, Two Pair:isFold=False;isAllIn=True, Two Pair:isFold=True;isAllIn=False, Three of a Kind:isFold=True;isAllIn=True"
2018-07-20 12:46:32,7260,7260,False,7260,Full House,"Two Pair:isFold=True;isAllIn=False, Full House:isFold=False;isAllIn=True, Two Pair:isFold=True;isAllIn=False"
2018-07-20 12:46:53,0,960,True,7100,Full House,"Full House:isFold=False;isAllIn=False, Three of a Kind:isFold=True;isAllIn=False"
2018-07-20 12:47:08,0,560,True,7020,Two Pair,"Two Pair:isFold=False;isAllIn=False, Pair:isFold=True;isAllIn=False"
2018-07-20 12:47:21,0,480,True,7020,Pair,"Three of a Kind:isFold=True;isAllIn=False, Three of a Kind:isFold=False;isAllIn=False"
2018-07-20 12:47:46,0,2880,True,6700,High Card,"Pair:isFold=False;isAllIn=False, High Card:isFold=False;isAllIn=False"
2018-07-20 12:48:05,0,2420,True,5740,High Card,"Pair:isFold=False;isAllIn=False, Pair:isFold=False;isAllIn=True"
2018-07-20 12:48:37,0,190,True,3000,Two Pair,"Pair:isFold=False;isAllIn=False, Pair:isFold=True;isAllIn=False, Pair:isFold=True;isAllIn=False, Two Pair:isFold=False;isAllIn=False"
2018-07-20 12:49:14,0,6250,False,0,Pair,"High Card:isFold=True;isAllIn=False, High Card:isFold=True;isAllIn=False, High Card:isFold=True;isAllIn=False, Two Pair:isFold=False;isAllIn=True"
2018-07-20 12:58:19,0,3060,True,2980,Pair,"Full House:isFold=False;isAllIn=True, Two Pair:isFold=True;isAllIn=False, Pair:isFold=True;isAllIn=False, Pair:isFold=True;isAllIn=False"
2018-07-20 12:58:52,0,410,True,2970,Pair,"Two Pair:isFold=False;isAllIn=False, Two Pair:isFold=False;isAllIn=False, Two Pair:isFold=False;isAllIn=False, Two Pair:isFold=False;isAllIn=False"
2018-07-20 12:59:14,0,130,True,2970,High Card,"Pair:isFold=False;isAllIn=False, High Card:isFold=True;isAllIn=False, High Card:isFold=True;isAllIn=False, Pair:isFold=True;isAllIn=False"
2018-07-20 12:59:49,0,360,True,2950,Pair,"Pair:isFold=False;isAllIn=False, Two Pair:isFold=False;isAllIn=False, Two Pair:isFold=True;isAllIn=False, Pair:isFold=True;isAllIn=False"
2018-07-20 13:00:14,5810,5810,False,5810,Pair,"High Card:isFold=True;isAllIn=False, Pair:isFold=True;isAllIn=False, Pair:isFold=False;isAllIn=True, High Card:isFold=True;isAllIn=False"
2018-07-20 13:00:40,0,470,True,5790,Three of a Kind,"Full House:isFold=False;isAllIn=False, Full House:isFold=False;isAllIn=False, Three of a Kind:isFold=True;isAllIn=False"
2018-07-20 13:01:02,0,400,True,5670,Pair,"Straight:isFold=True;isAllIn=False, High Card:isFold=True;isAllIn=False, Pair:isFold=False;isAllIn=False"
2018-07-20 13:01:29,0,560,True,5670,Pair,"Two Pair:isFold=False;isAllIn=False, Two Pair:isFold=False;isAllIn=False, Pair:isFold=True;isAllIn=False"
2018-07-20 13:01:59,0,2080,True,5030,Pair,"High Card:isFold=False;isAllIn=False, High Card:isFold=False;isAllIn=False, Pair:isFold=True;isAllIn=False"
2018-07-20 13:02:29,0,3480,True,4990,High Card,"Pair:isFold=True;isAllIn=False, High Card:isFold=False;isAllIn=False, Pair:isFold=False;isAllIn=False"
2018-07-20 13:02:57,0,1160,True,4590,Pair,"High Card:isFold=True;isAllIn=False, High Card:isFold=False;isAllIn=False, High Card:isFold=True;isAllIn=False"
2018-07-20 13:03:20,0,960,True,4590,Pair,"Pair:isFold=False;isAllIn=False, Pair:isFold=False;isAllIn=False, High Card:isFold=True;isAllIn=False"
2018-07-20 13:03:50,0,1360,True,4510,High Card,"Pair:isFold=False;isAllIn=False, High Card:isFold=False;isAllIn=False, Pair:isFold=True;isAllIn=False"
2018-07-20 13:04:09,4990,4990,False,4990,Three of a Kind,"Pair:isFold=True;isAllIn=False, Pair:isFold=True;isAllIn=False, Two Pair:isFold=True;isAllIn=False"
2018-07-20 13:04:38,0,3040,True,4990,Pair,"Straight:isFold=False;isAllIn=False, High Card:isFold=True;isAllIn=False, Pair:isFold=False;isAllIn=False"
2018-07-20 13:04:55,0,480,True,4990,High Card,"Pair:isFold=False;isAllIn=False, Pair:isFold=True;isAllIn=False, Pair:isFold=True;isAllIn=False"
2018-07-20 13:05:17,0,1200,True,4830,Pair,"Two Pair:isFold=False;isAllIn=False, Pair:isFold=True;isAllIn=False, Pair:isFold=True;isAllIn=False"
2018-07-20 13:05:43,0,3680,True,4670,High Card,"Two Pair:isFold=False;isAllIn=False, High Card:isFold=False;isAllIn=False, High Card:isFold=True;isAllIn=False"
2018-07-20 13:06:07,0,2880,True,4670,High Card,"Two Pair:isFold=False;isAllIn=False, Straight:isFold=True;isAllIn=False, High Card:isFold=True;isAllIn=False"
2018-07-20 13:06:22,0,10320,False,0,Two Pair,"Three of a Kind:isFold=False;isAllIn=False, Pair:isFold=False;isAllIn=True, Pair:isFold=True;isAllIn=False"
2018-07-20 13:06:52,0,140,True,2980,Pair,"Two Pair:isFold=False;isAllIn=False, Two Pair:isFold=True;isAllIn=False, Pair:isFold=True;isAllIn=False, Pair:isFold=True;isAllIn=False"
2018-07-20 13:07:13,3060,3060,False,3060,Two Pair,"High Card:isFold=True;isAllIn=False, Two Pair:isFold=True;isAllIn=False, High Card:isFold=True;isAllIn=False, High Card:isFold=True;isAllIn=False"
2018-07-20 13:07:46,0,400,True,3040,Pair,"Two Pair:isFold=False;isAllIn=False, Pair:isFold=True;isAllIn=False, Pair:isFold=False;isAllIn=False, Two Pair:isFold=False;isAllIn=False"
2018-07-20 13:08:14,0,120,True,3040,Two Pair,"Pair:isFold=False;isAllIn=False, Two Pair:isFold=True;isAllIn=False, Pair:isFold=False;isAllIn=False, Two Pair:isFold=True;isAllIn=False"
2018-07-20 13:08:46,0,320,True,3000,Pair,"Pair:isFold=True;isAllIn=False, Full House:isFold=False;isAllIn=False, Pair:isFold=True;isAllIn=False, Pair:isFold=True;isAllIn=False"
2018-07-20 13:09:18,0,680,True,2960,Pair,"Pair:isFold=False;isAllIn=False, Two Pair:isFold=False;isAllIn=False, Two Pair:isFold=False;isAllIn=False, Two Pair:isFold=False;isAllIn=False"
2018-07-20 13:09:50,3400,3400,False,3400,Three of a Kind,"Pair:isFold=True;isAllIn=False, Two Pair:isFold=True;isAllIn=False, Pair:isFold=True;isAllIn=False, Two Pair:isFold=True;isAllIn=False"
2018-07-20 13:10:24,4840,4840,False,4840,Full House,"Two Pair:isFold=True;isAllIn=False, Two Pair:isFold=True;isAllIn=False, Straight:isFold=True;isAllIn=False, Two Pair:isFold=True;isAllIn=False"
2018-07-20 13:10:48,0,120,True,4840,High Card,"High Card:isFold=False;isAllIn=False, High Card:isFold=False;isAllIn=False, Pair:isFold=True;isAllIn=False, High Card:isFold=True;isAllIn=False"
2018-07-20 13:11:04,2600,2600,False,2600,Pair,"Three of a Kind:isFold=False;isAllIn=True, Two Pair:isFold=True;isAllIn=False, Pair:isFold=True;isAllIn=True, Pair:isFold=True;isAllIn=False"
2018-07-20 13:11:21,0,5360,False,0,Pair,"Flush:isFold=False;isAllIn=False, Two Pair:isFold=True;isAllIn=False, Full House:isFold=True;isAllIn=False"
2018-07-20 13:15:27,0,290,True,3000,Pair,"Pair:isFold=True;isAllIn=False, Pair:isFold=False;isAllIn=False, Pair:isFold=True;isAllIn=False, High Card:isFold=False;isAllIn=False, Pair:isFold=True;isAllIn=False"
2018-07-20 13:16:05,0,320,True,2920,Three of a Kind,"Four of a kind:isFold=True;isAllIn=False, Three of a Kind:isFold=False;isAllIn=False, Three of a Kind:isFold=True;isAllIn=False, Full House:isFold=False;isAllIn=False, Three of a Kind:isFold=True;isAllIn=False"
2018-07-20 13:16:44,0,300,True,2920,Two Pair,"Pair:isFold=True;isAllIn=False, Pair:isFold=False;isAllIn=False, High Card:isFold=True;isAllIn=False, Pair:isFold=False;isAllIn=False, Pair:isFold=False;isAllIn=False"
2018-07-20 13:17:24,0,480,True,2880,Pair,"Pair:isFold=True;isAllIn=False, Two Pair:isFold=False;isAllIn=False, Two Pair:isFold=False;isAllIn=False, Two Pair:isFold=False;isAllIn=False, Pair:isFold=True;isAllIn=False"
2018-07-20 13:18:03,0,360,True,2840,High Card,"High Card:isFold=True;isAllIn=False, High Card:isFold=True;isAllIn=False, High Card:isFold=False;isAllIn=False, Pair:isFold=False;isAllIn=False, High Card:isFold=True;isAllIn=False"
2018-07-20 13:18:38,0,240,True,2820,Pair,"Pair:isFold=True;isAllIn=False, Pair:isFold=False;isAllIn=False, Two Pair:isFold=False;isAllIn=False, Pair:isFold=False;isAllIn=False, Pair:isFold=True;isAllIn=False"
2018-07-20 13:19:01,0,5680,True,2740,Two Pair,"Two Pair:isFold=True;isAllIn=False, Full House:isFold=False;isAllIn=True, Full House:isFold=False;isAllIn=False, Two Pair:isFold=True;isAllIn=False, Two Pair:isFold=True;isAllIn=False"
2018-07-20 13:19:30,0,440,True,2660,Pair,"Pair:isFold=True;isAllIn=False, Two Pair:isFold=False;isAllIn=False, Pair:isFold=True;isAllIn=False, Two Pair:isFold=True;isAllIn=False"
2018-07-20 13:19:50,0,8040,False,0,Pair,"High Card:isFold=True;isAllIn=False, Straight:isFold=True;isAllIn=False, Two Pair:isFold=False;isAllIn=False, Pair:isFold=True;isAllIn=False"
2018-07-20 13:21:24,0,370,True,2940,High Card,"Pair:isFold=True;isAllIn=False, High Card:isFold=True;isAllIn=False, Pair:isFold=False;isAllIn=False, Pair:isFold=True;isAllIn=False, High Card:isFold=True;isAllIn=False, Two Pair:isFold=False;isAllIn=False"
2018-07-20 13:22:02,0,340,True,2940,High Card,"High Card:isFold=True;isAllIn=False, Pair:isFold=True;isAllIn=False, Two Pair:isFold=False;isAllIn=False, Pair:isFold=True;isAllIn=False, Pair:isFold=False;isAllIn=False, Pair:isFold=True;isAllIn=False"
2018-07-20 13:22:41,0,280,True,2920,Two Pair,"Full House:isFold=True;isAllIn=False, Two Pair:isFold=True;isAllIn=False, Two Pair:isFold=True;isAllIn=False, Two Pair:isFold=True;isAllIn=False, Two Pair:isFold=False;isAllIn=False, Two Pair:isFold=True;isAllIn=False"
2018-07-20 13:23:54,0,3040,True,2240,Pair,"Pair:isFold=True;isAllIn=False, Two Pair:isFold=True;isAllIn=False, Three of a Kind:isFold=False;isAllIn=False, Two Pair:isFold=False;isAllIn=False, Two Pair:isFold=False;isAllIn=False, Two Pair:isFold=True;isAllIn=False"
2018-07-20 13:24:33,0,260,True,2240,Pair,"Pair:isFold=True;isAllIn=False, High Card:isFold=True;isAllIn=False, Pair:isFold=False;isAllIn=False, High Card:isFold=True;isAllIn=False, Pair:isFold=False;isAllIn=False, Pair:isFold=False;isAllIn=False"
2018-07-20 13:25:18,0,150,True,2220,Pair,"Two Pair:isFold=True;isAllIn=False, Three of a Kind:isFold=True;isAllIn=False, Pair:isFold=False;isAllIn=False, Two Pair:isFold=False;isAllIn=False, Pair:isFold=True;isAllIn=False, Two Pair:isFold=False;isAllIn=False"
2018-07-20 13:26:06,0,470,True,2210,Pair,"Straight:isFold=True;isAllIn=False, High Card:isFold=True;isAllIn=False, Pair:isFold=False;isAllIn=False, Pair:isFold=True;isAllIn=False, Pair:isFold=False;isAllIn=False, Straight:isFold=False;isAllIn=False"
2018-07-20 13:26:41,0,460,True,2210,Pair,"High Card:isFold=True;isAllIn=False, Two Pair:isFold=True;isAllIn=False, High Card:isFold=False;isAllIn=False, High Card:isFold=True;isAllIn=False, Pair:isFold=True;isAllIn=False, Two Pair:isFold=False;isAllIn=False"
2018-07-20 13:27:23,0,6060,True,2130,Two Pair,"Pair:isFold=True;isAllIn=False, Pair:isFold=True;isAllIn=False, Three of a Kind:isFold=False;isAllIn=True, Pair:isFold=True;isAllIn=False, Two Pair:isFold=True;isAllIn=False, Pair:isFold=True;isAllIn=False"
2018-07-20 13:27:59,0,440,True,2090,Pair,"Full House:isFold=True;isAllIn=False, Pair:isFold=True;isAllIn=False, Pair:isFold=False;isAllIn=False, Pair:isFold=True;isAllIn=False, Two Pair:isFold=False;isAllIn=False, Flush:isFold=False;isAllIn=False"
2018-07-20 13:28:40,0,560,True,2090,Pair,"Pair:isFold=True;isAllIn=False, Flush:isFold=True;isAllIn=False, Two Pair:isFold=False;isAllIn=False, Pair:isFold=True;isAllIn=False, Full House:isFold=False;isAllIn=False, Two Pair:isFold=True;isAllIn=False"
2018-07-20 13:29:22,0,760,False,1890,Pair,"High Card:isFold=True;isAllIn=False, Three of a Kind:isFold=True;isAllIn=False, Pair:isFold=False;isAllIn=False, High Card:isFold=True;isAllIn=False, High Card:isFold=True;isAllIn=False, High Card:isFold=False;isAllIn=False"
2018-07-20 13:30:03,0,680,True,1850,Two Pair,"High Card:isFold=True;isAllIn=False, High Card:isFold=True;isAllIn=False, Pair:isFold=False;isAllIn=False, High Card:isFold=True;isAllIn=False, High Card:isFold=False;isAllIn=False, High Card:isFold=True;isAllIn=False"
2018-07-20 13:30:38,0,540,True,1830,Pair,"Pair:isFold=True;isAllIn=False, Two Pair:isFold=False;isAllIn=False, Pair:isFold=False;isAllIn=False, Pair:isFold=True;isAllIn=False, Pair:isFold=True;isAllIn=False, High Card:isFold=True;isAllIn=False"
2018-07-20 13:31:13,0,4420,False,0,Pair,"Pair:isFold=True;isAllIn=False, High Card:isFold=True;isAllIn=False, Pair:isFold=False;isAllIn=False, Straight:isFold=True;isAllIn=False, Two Pair:isFold=True;isAllIn=False, Straight:isFold=True;isAllIn=False"
2018-07-20 13:37:46,0,180,True,2980,Pair,"Pair:isFold=False;isAllIn=False, Pair:isFold=True;isAllIn=False, High Card:isFold=True;isAllIn=False, High Card:isFold=True;isAllIn=False"
2018-07-20 13:38:14,0,210,True,2980,Straight,"Straight:isFold=False;isAllIn=False, Straight:isFold=True;isAllIn=False, Pair:isFold=False;isAllIn=False, High Card:isFold=True;isAllIn=False"
2018-07-20 13:38:40,0,180,True,2980,High Card,"Pair:isFold=True;isAllIn=False, High Card:isFold=True;isAllIn=False, Pair:isFold=False;isAllIn=False, High Card:isFold=True;isAllIn=False"
2018-07-20 13:38:58,0,11820,False,0,Two Pair,"Pair:isFold=False;isAllIn=False, Two Pair:isFold=True;isAllIn=False, Full House:isFold=False;isAllIn=True, Pair:isFold=False;isAllIn=True"
2018-07-20 13:41:54,60,60,False,3040,Straight,"Straight:isFold=True;isAllIn=False, Two Pair:isFold=True;isAllIn=False, Pair:isFold=True;isAllIn=False, Two Pair:isFold=True;isAllIn=False"
2018-07-20 13:42:16,0,100,True,3020,Two Pair,"Two Pair:isFold=True;isAllIn=False, Pair:isFold=True;isAllIn=False, Pair:isFold=True;isAllIn=False, Three of a Kind:isFold=False;isAllIn=False"
2018-07-20 13:42:42,0,160,True,2960,Pair,"Pair:isFold=True;isAllIn=False, High Card:isFold=False;isAllIn=False, High Card:isFold=True;isAllIn=False, High Card:isFold=True;isAllIn=False"
2018-07-20 13:43:11,0,200,True,2960,Pair,"Three of a Kind:isFold=True;isAllIn=False, Pair:isFold=False;isAllIn=False, Pair:isFold=True;isAllIn=False, Pair:isFold=True;isAllIn=False"
2018-07-20 13:43:36,70,70,False,3010,High Card,"High Card:isFold=True;isAllIn=False, Two Pair:isFold=True;isAllIn=False, High Card:isFold=True;isAllIn=False, Pair:isFold=True;isAllIn=False"
2018-07-20 13:44:00,0,160,True,3010,Pair,"Pair:isFold=False;isAllIn=False, Two Pair:isFold=True;isAllIn=False, Three of a Kind:isFold=True;isAllIn=False, Pair:isFold=True;isAllIn=False"
2018-07-20 13:44:22,0,120,True,2970,Pair,"Pair:isFold=True;isAllIn=False, High Card:isFold=True;isAllIn=False, High Card:isFold=True;isAllIn=False, Two Pair:isFold=False;isAllIn=False"
2018-07-20 14:35:08,0,100,True,2960,Full House,"Three of a Kind:isFold=False;isAllIn=False, Pair:isFold=True;isAllIn=False, Pair:isFold=True;isAllIn=False, Pair:isFold=True;isAllIn=False"
2018-07-20 14:35:38,50,50,False,2990,Full House,"Two Pair:isFold=True;isAllIn=False, Three of a Kind:isFold=True;isAllIn=False, Three of a Kind:isFold=True;isAllIn=False, Pair:isFold=True;isAllIn=False"
2018-07-20 14:36:05,0,40,True,2990,High Card,"Pair:isFold=False;isAllIn=False, High Card:isFold=True;isAllIn=False, Pair:isFold=True;isAllIn=False, High Card:isFold=True;isAllIn=False"
2018-07-20 14:36:36,90,90,False,3040,Flush,"High Card:isFold=True;isAllIn=False, Pair:isFold=True;isAllIn=False, High Card:isFold=True;isAllIn=False, Flush:isFold=True;isAllIn=False"
2018-07-20 14:39:52,0,140,False,0,,"High Card:isFold=True;isAllIn=False, High Card:isFold=True;isAllIn=False, Pair:isFold=True;isAllIn=False, Pair:isFold=True;isAllIn=False, High Card:isFold=False;isAllIn=False"
2018-07-20 14:40:46,0,2920,True,2920,High Card,"Three of a Kind:isFold=False;isAllIn=False, Pair:isFold=False;isAllIn=False, Pair:isFold=True;isAllIn=False, Pair:isFold=False;isAllIn=False"
2018-07-20 14:41:31,0,720,True,2920,Two Pair,"Pair:isFold=True;isAllIn=False, Pair:isFold=False;isAllIn=False, Two Pair:isFold=True;isAllIn=False, Three of a Kind:isFold=False;isAllIn=False"
2018-07-20 14:42:31,0,480,True,2760,Pair,"Two Pair:isFold=True;isAllIn=False, Two Pair:isFold=True;isAllIn=False, Pair:isFold=True;isAllIn=False, Two Pair:isFold=False;isAllIn=False"
2018-07-20 14:43:08,0,520,True,2680,Pair,"Pair:isFold=True;isAllIn=False, Pair:isFold=True;isAllIn=False, Two Pair:isFold=True;isAllIn=False, Two Pair:isFold=False;isAllIn=False"
2018-07-20 14:43:34,0,1200,True,2600,Pair,"Pair:isFold=False;isAllIn=False, High Card:isFold=True;isAllIn=False, Pair:isFold=True;isAllIn=False, Pair:isFold=True;isAllIn=False"
2018-07-20 14:44:02,0,320,True,2600,Pair,"Pair:isFold=True;isAllIn=False, Two Pair:isFold=True;isAllIn=False, Pair:isFold=True;isAllIn=False, High Card:isFold=False;isAllIn=False"
2018-07-20 14:44:31,2400,2400,False,3960,Pair,"Pair:isFold=True;isAllIn=False, Pair:isFold=True;isAllIn=False, High Card:isFold=True;isAllIn=False, Pair:isFold=True;isAllIn=False"
2018-07-20 14:45:02,2640,2640,False,5480,High Card,"Two Pair:isFold=True;isAllIn=False, High Card:isFold=True;isAllIn=False, Pair:isFold=True;isAllIn=False, High Card:isFold=True;isAllIn=False"
2018-07-20 14:45:30,0,560,True,5320,High Card,"Pair:isFold=True;isAllIn=False, Pair:isFold=True;isAllIn=False, Pair:isFold=True;isAllIn=False, Two Pair:isFold=False;isAllIn=False"
2018-07-20 14:45:58,0,800,True,5160,High Card,"Pair:isFold=True;isAllIn=False, Pair:isFold=True;isAllIn=False, Pair:isFold=True;isAllIn=False, Pair:isFold=False;isAllIn=False"
2018-07-20 14:46:27,0,640,True,5160,Flush,"Flush:isFold=True;isAllIn=False, Pair:isFold=True;isAllIn=False, Pair:isFold=True;isAllIn=False, Flush:isFold=False;isAllIn=False"
2018-07-20 14:47:01,0,3200,True,5160,Pair,"Two Pair:isFold=False;isAllIn=False, Pair:isFold=True;isAllIn=False, Two Pair:isFold=True;isAllIn=False, Pair:isFold=False;isAllIn=False"
2018-07-20 14:47:59,0,1120,True,4840,Two Pair,"Two Pair:isFold=True;isAllIn=False, Two Pair:isFold=True;isAllIn=False, Pair:isFold=True;isAllIn=False, Pair:isFold=False;isAllIn=False"
2018-07-20 14:48:27,0,1600,True,4520,Two Pair,"Pair:isFold=True;isAllIn=False, Pair:isFold=True;isAllIn=False, Two Pair:isFold=True;isAllIn=False, Pair:isFold=False;isAllIn=False"
2018-07-20 14:48:59,0,2860,True,4520,High Card,"Two Pair:isFold=True;isAllIn=False, Three of a Kind:isFold=False;isAllIn=True, Flush:isFold=True;isAllIn=False, High Card:isFold=False;isAllIn=False"
2018-07-20 14:50:19,0,5760,True,2600,Pair,"Two Pair:isFold=True;isAllIn=False, Pair:isFold=False;isAllIn=False, Pair:isFold=True;isAllIn=False, Pair:isFold=True;isAllIn=False"
2018-07-20 14:53:03,0,520,True,2900,Pair,"Pair:isFold=True;isAllIn=False, High Card:isFold=True;isAllIn=False, High Card:isFold=True;isAllIn=False, Pair:isFold=True;isAllIn=False, High Card:isFold=False;isAllIn=False"
2018-07-20 14:54:10,0,220,True,2880,Pair,"Flush:isFold=True;isAllIn=False, High Card:isFold=True;isAllIn=False, High Card:isFold=True;isAllIn=False, Pair:isFold=False;isAllIn=False, High Card:isFold=True;isAllIn=False"
2018-07-20 14:55:16,0,1350,True,2870,Pair,"Flush:isFold=True;isAllIn=False, Pair:isFold=False;isAllIn=False, Straight:isFold=False;isAllIn=False, High Card:isFold=True;isAllIn=False, Flush:isFold=False;isAllIn=False"
2018-07-20 14:55:56,0,7720,True,2870,Straight,"Flush:isFold=False;isAllIn=True, High Card:isFold=False;isAllIn=True, High Card:isFold=False;isAllIn=True, Pair:isFold=True;isAllIn=False, Two Pair:isFold=True;isAllIn=False"
2018-07-20 14:56:41,0,320,True,2830,Pair,"Pair:isFold=True;isAllIn=False, Pair:isFold=False;isAllIn=False, High Card:isFold=True;isAllIn=False"
2018-07-20 14:57:28,0,400,True,2790,Two Pair,"Pair:isFold=True;isAllIn=False, Two Pair:isFold=False;isAllIn=False, Two Pair:isFold=False;isAllIn=False"
2018-07-20 14:58:14,0,440,True,2710,Full House,"Two Pair:isFold=True;isAllIn=False, Two Pair:isFold=False;isAllIn=False, Two Pair:isFold=False;isAllIn=False"
2018-07-20 14:58:42,0,180,True,2710,Pair,"High Card:isFold=True;isAllIn=False, High Card:isFold=True;isAllIn=False, Pair:isFold=False;isAllIn=False"
2018-07-20 15:00:35,0,2800,True,1350,Two Pair,"Pair:isFold=True;isAllIn=False, Three of a Kind:isFold=False;isAllIn=False, Pair:isFold=True;isAllIn=False"
2018-07-20 15:00:55,0,520,True,1310,Pair,"Pair:isFold=True;isAllIn=False, Pair:isFold=True;isAllIn=False, Straight:isFold=False;isAllIn=False"
2018-07-20 15:02:52,0,3360,True,510,Three of a Kind,"Four of a kind:isFold=True;isAllIn=False, Full House:isFold=False;isAllIn=False, Three of a Kind:isFold=False;isAllIn=False"
2018-07-20 15:03:13,0,1520,True,430,Pair,"Straight:isFold=True;isAllIn=False, Pair:isFold=False;isAllIn=False, High Card:isFold=False;isAllIn=False"
2018-07-20 15:03:33,0,240,True,430,Two Pair,"Two Pair:isFold=True;isAllIn=False, Two Pair:isFold=False;isAllIn=False, Pair:isFold=True;isAllIn=False"
2018-07-20 15:04:09,0,1600,True,430,Pair,"High Card:isFold=True;isAllIn=False, Two Pair:isFold=False;isAllIn=False, High Card:isFold=True;isAllIn=False"
2018-07-20 15:04:44,0,1920,True,110,Three of a Kind,"Pair:isFold=True;isAllIn=False, Pair:isFold=True;isAllIn=False, Two Pair:isFold=False;isAllIn=False"
2018-07-20 15:05:11,440,1270,False,440,Pair,"High Card:isFold=True;isAllIn=False, Pair:isFold=True;isAllIn=False, Pair:isFold=False;isAllIn=False"
2018-07-20 15:05:38,0,1440,True,440,Two Pair,"Pair:isFold=True;isAllIn=False, High Card:isFold=True;isAllIn=False, Straight:isFold=False;isAllIn=False"
2018-07-20 15:06:24,0,1280,True,440,High Card,"High Card:isFold=True;isAllIn=False, Two Pair:isFold=False;isAllIn=False, Pair:isFold=True;isAllIn=False"
2018-07-20 15:06:32,1320,1320,False,1320,Three of a Kind,"Pair:isFold=True;isAllIn=False, Pair:isFold=False;isAllIn=False, Pair:isFold=True;isAllIn=False"
2018-07-20 15:07:32,0,7040,True,40,Two Pair,"Two Pair:isFold=True;isAllIn=False, Full House:isFold=False;isAllIn=False, Two Pair:isFold=False;isAllIn=False"
2018-07-20 15:09:10,0,300,True,2980,Two Pair,"Two Pair:isFold=False;isAllIn=False, Two Pair:isFold=False;isAllIn=False, Two Pair:isFold=False;isAllIn=False, Pair:isFold=True;isAllIn=False"
2018-07-20 15:09:38,0,330,True,2970,High Card,"Pair:isFold=False;isAllIn=False, Pair:isFold=False;isAllIn=False, Pair:isFold=False;isAllIn=False, Pair:isFold=False;isAllIn=False"
2018-07-20 15:10:01,0,160,True,2970,Pair,"Straight:isFold=True;isAllIn=False, High Card:isFold=True;isAllIn=False, Straight:isFold=True;isAllIn=False, Pair:isFold=False;isAllIn=False"
2018-07-20 15:10:32,0,380,True,2910,Two Pair,"Pair:isFold=True;isAllIn=False, Pair:isFold=True;isAllIn=False, Two Pair:isFold=False;isAllIn=False, Three of a Kind:isFold=False;isAllIn=False"
2018-07-20 15:11:15,0,120,True,2910,Pair,"Pair:isFold=True;isAllIn=False, Two Pair:isFold=False;isAllIn=False, Pair:isFold=True;isAllIn=False, Pair:isFold=True;isAllIn=False"
2018-07-20 15:11:26,0,440,True,2870,Pair,"Two Pair:isFold=True;isAllIn=False, Two Pair:isFold=False;isAllIn=False, Two Pair:isFold=False;isAllIn=False, Pair:isFold=True;isAllIn=False"
2018-07-20 15:11:51,0,360,True,2790,Two Pair,"Pair:isFold=True;isAllIn=False, Pair:isFold=True;isAllIn=False, Pair:isFold=True;isAllIn=False, Pair:isFold=False;isAllIn=False"
2018-07-20 15:12:16,0,300,True,2790,Flush,"High Card:isFold=True;isAllIn=False, High Card:isFold=True;isAllIn=False, Straight:isFold=False;isAllIn=False, Flush:isFold=True;isAllIn=False"
2018-07-20 15:12:43,0,480,True,2790,High Card,"Pair:isFold=True;isAllIn=False, Pair:isFold=False;isAllIn=False, Two Pair:isFold=False;isAllIn=False, Pair:isFold=False;isAllIn=False"
2018-07-20 15:14:04,0,1040,True,2710,High Card,"Pair:isFold=True;isAllIn=False, Pair:isFold=False;isAllIn=False, Pair:isFold=False;isAllIn=False, Pair:isFold=False;isAllIn=False"
2018-07-20 15:14:35,0,840,True,2670,High Card,"High Card:isFold=True;isAllIn=False, Pair:isFold=False;isAllIn=False, High Card:isFold=True;isAllIn=False, Pair:isFold=False;isAllIn=False"
2018-07-20 15:15:01,0,800,True,2670,Two Pair,"Two Pair:isFold=True;isAllIn=False, High Card:isFold=True;isAllIn=False, Two Pair:isFold=False;isAllIn=False, Pair:isFold=False;isAllIn=False"
2018-07-20 15:16:29,0,1920,True,2190,Pair,"Pair:isFold=True;isAllIn=False, Straight:isFold=True;isAllIn=False, Pair:isFold=False;isAllIn=False, Pair:isFold=True;isAllIn=False"
2018-07-20 15:16:59,0,2000,True,2110,High Card,"High Card:isFold=True;isAllIn=False, Pair:isFold=False;isAllIn=False, Pair:isFold=False;isAllIn=False, Pair:isFold=False;isAllIn=False"
2018-07-20 15:17:26,0,960,True,2110,Pair,"Pair:isFold=True;isAllIn=False, Pair:isFold=False;isAllIn=False, Pair:isFold=False;isAllIn=False, Pair:isFold=False;isAllIn=False"
2018-07-20 15:18:10,0,1420,True,2110,Pair,"Pair:isFold=True;isAllIn=False, Two Pair:isFold=False;isAllIn=True, Two Pair:isFold=False;isAllIn=False, Three of a Kind:isFold=False;isAllIn=False"
2018-07-20 15:18:18,0,2880,True,1790,Pair,"Pair:isFold=True;isAllIn=False, Pair:isFold=False;isAllIn=False, Pair:isFold=False;isAllIn=False"
2018-07-20 15:18:39,0,1760,True,1630,Pair,"Two Pair:isFold=True;isAllIn=False, Pair:isFold=True;isAllIn=False, Two Pair:isFold=False;isAllIn=False"
2018-07-20 15:19:03,3040,3040,False,3710,Two Pair,"Pair:isFold=True;isAllIn=False, Two Pair:isFold=True;isAllIn=False, Pair:isFold=True;isAllIn=False"
2018-07-20 15:19:45,0,1920,True,3710,Two Pair,"Full House:isFold=False;isAllIn=False, Two Pair:isFold=True;isAllIn=False, Two Pair:isFold=True;isAllIn=False"
2018-07-20 15:20:39,0,5120,True,1790,High Card,"High Card:isFold=True;isAllIn=False, Pair:isFold=False;isAllIn=False, High Card:isFold=True;isAllIn=False"
2018-07-20 15:20:51,0,1400,True,1790,Pair,"Straight:isFold=False;isAllIn=True, Three of a Kind:isFold=False;isAllIn=False, Pair:isFold=False;isAllIn=True"
2018-07-20 15:21:03,0,1490,True,1150,Two Pair,"Pair:isFold=False;isAllIn=True, Pair:isFold=False;isAllIn=False"
2018-07-20 15:21:18,2940,130,False,2940,Pair,"Pair:isFold=True;isAllIn=False, Pair:isFold=False;isAllIn=False"
2018-07-20 15:21:32,0,860,True,1660,Two Pair,"Two Pair:isFold=False;isAllIn=True, High Card:isFold=False;isAllIn=False"
2018-07-20 15:21:44,0,6760,False,0,Two Pair,"Pair:isFold=False;isAllIn=True, Two Pair:isFold=False;isAllIn=False"
2018-07-20 15:23:18,0,320,True,3000,Two Pair,"Three of a Kind:isFold=False;isAllIn=False, Two Pair:isFold=False;isAllIn=False, Pair:isFold=True;isAllIn=False, Pair:isFold=True;isAllIn=False"
2018-07-20 15:23:45,0,320,True,2940,Pair,"High Card:isFold=True;isAllIn=False, High Card:isFold=True;isAllIn=False, High Card:isFold=True;isAllIn=False, Pair:isFold=False;isAllIn=False"
2018-07-20 15:24:13,0,280,True,2900,Pair,"High Card:isFold=True;isAllIn=False, Pair:isFold=False;isAllIn=False, Pair:isFold=True;isAllIn=False, Pair:isFold=False;isAllIn=False"
2018-07-20 15:25:09,0,300,True,2860,Pair,"Pair:isFold=True;isAllIn=False, Pair:isFold=False;isAllIn=False, Pair:isFold=False;isAllIn=False, High Card:isFold=True;isAllIn=False"
2018-07-20 15:25:55,0,240,True,2860,Two Pair,"Flush:isFold=True;isAllIn=False, Pair:isFold=False;isAllIn=False, Pair:isFold=True;isAllIn=False, High Card:isFold=True;isAllIn=False"
2018-07-20 15:26:07,0,440,True,2820,Pair,"Pair:isFold=True;isAllIn=False, Two Pair:isFold=False;isAllIn=False, Pair:isFold=True;isAllIn=False, Two Pair:isFold=False;isAllIn=False"
2018-07-20 15:27:02,0,520,True,2740,Two Pair,"Pair:isFold=True;isAllIn=False, Two Pair:isFold=False;isAllIn=False, Pair:isFold=True;isAllIn=False, Three of a Kind:isFold=False;isAllIn=False"
2018-07-20 15:28:05,0,520,True,2620,Pair,"Pair:isFold=True;isAllIn=False, High Card:isFold=True;isAllIn=False, Straight:isFold=False;isAllIn=False, High Card:isFold=True;isAllIn=False"
2018-07-20 15:29:28,0,800,True,2380,Pair,"High Card:isFold=True;isAllIn=False, Pair:isFold=True;isAllIn=False, High Card:isFold=True;isAllIn=False, Pair:isFold=False;isAllIn=False"
2018-07-20 15:29:34,0,1280,True,2380,Pair,"High Card:isFold=True;isAllIn=False, High Card:isFold=True;isAllIn=False, Straight:isFold=False;isAllIn=False, Straight:isFold=False;isAllIn=False"
2018-07-20 15:30:39,0,7280,True,1020,Flush,"Two Pair:isFold=False;isAllIn=False, Straight Flush:isFold=False;isAllIn=False, Pair:isFold=True;isAllIn=False, Three of a Kind:isFold=False;isAllIn=False"
2018-07-20 15:30:46,0,1920,True,1020,High Card,"Pair:isFold=False;isAllIn=False, Straight:isFold=True;isAllIn=False, Two Pair:isFold=False;isAllIn=False, High Card:isFold=True;isAllIn=False"
2018-07-20 15:31:42,0,2720,True,540,Pair,"Two Pair:isFold=True;isAllIn=False, Pair:isFold=False;isAllIn=False, Pair:isFold=False;isAllIn=False, Pair:isFold=True;isAllIn=False"
2018-07-20 15:32:15,0,9260,False,0,High Card,"Straight:isFold=False;isAllIn=False, Straight:isFold=False;isAllIn=False, Two Pair:isFold=False;isAllIn=True"
2018-07-20 15:33:47,0,440,True,3000,High Card,"Two Pair:isFold=True;isAllIn=False, Pair:isFold=False;isAllIn=False, Pair:isFold=True;isAllIn=False, Pair:isFold=False;isAllIn=False"
2018-07-20 15:34:07,0,50,True,2980,High Card,"Pair:isFold=True;isAllIn=False, High Card:isFold=True;isAllIn=False, High Card:isFold=True;isAllIn=False, Pair:isFold=False;isAllIn=False"
2018-07-20 15:34:34,0,50,True,2970,High Card,"High Card:isFold=True;isAllIn=False, Flush:isFold=True;isAllIn=False, High Card:isFold=True;isAllIn=False, Pair:isFold=False;isAllIn=False"
2018-07-20 15:35:44,0,200,True,2930,Pair,"Pair:isFold=True;isAllIn=False, Pair:isFold=True;isAllIn=False, Two Pair:isFold=False;isAllIn=False, Pair:isFold=False;isAllIn=False"
2018-07-20 15:36:16,0,170,True,2930,Straight,"Pair:isFold=True;isAllIn=False, Pair:isFold=False;isAllIn=False, High Card:isFold=True;isAllIn=False, High Card:isFold=False;isAllIn=False"
2018-07-20 15:38:51,0,520,True,2830,Pair,"High Card:isFold=True;isAllIn=False, Three of a Kind:isFold=False;isAllIn=False, Two Pair:isFold=True;isAllIn=False, High Card:isFold=False;isAllIn=False"
2018-07-20 15:39:51,0,220,True,2750,Two Pair,"Pair:isFold=True;isAllIn=False, Pair:isFold=True;isAllIn=False, Three of a Kind:isFold=True;isAllIn=False, Pair:isFold=False;isAllIn=False"
2018-07-20 15:40:33,0,640,True,2670,Pair,"High Card:isFold=True;isAllIn=False, Pair:isFold=False;isAllIn=False, High Card:isFold=True;isAllIn=False, High Card:isFold=False;isAllIn=False"
2018-07-20 15:41:35,0,480,True,2510,Two Pair,"Pair:isFold=True;isAllIn=False, Pair:isFold=True;isAllIn=False, Pair:isFold=False;isAllIn=False, Pair:isFold=True;isAllIn=False"
2018-07-20 15:41:54,0,320,True,2510,High Card,"Straight:isFold=True;isAllIn=False, Pair:isFold=False;isAllIn=False, Straight:isFold=True;isAllIn=False, High Card:isFold=True;isAllIn=False"
2018-07-20 15:42:16,0,200,True,2510,Pair,"Pair:isFold=True;isAllIn=False, Pair:isFold=True;isAllIn=False, Pair:isFold=True;isAllIn=False, Pair:isFold=False;isAllIn=False"
2018-07-20 15:43:17,0,880,True,2190,Two Pair,"Two Pair:isFold=True;isAllIn=False, Pair:isFold=True;isAllIn=False, Two Pair:isFold=True;isAllIn=False, Two Pair:isFold=False;isAllIn=False"
2018-07-20 15:44:18,0,1280,True,1710,Pair,"Two Pair:isFold=True;isAllIn=False, Pair:isFold=False;isAllIn=False, Three of a Kind:isFold=True;isAllIn=False, Two Pair:isFold=False;isAllIn=False"
2018-07-20 15:44:51,0,1120,True,1710,Pair,"High Card:isFold=True;isAllIn=False, High Card:isFold=False;isAllIn=False, Pair:isFold=True;isAllIn=False, High Card:isFold=False;isAllIn=False"
2018-07-20 15:46:32,0,5040,False,0,,"High Card:isFold=True;isAllIn=False, High Card:isFold=True;isAllIn=False, Pair:isFold=True;isAllIn=False, Two Pair:isFold=True;isAllIn=False, Straight:isFold=False;isAllIn=True"
2018-07-20 15:47:32,0,2400,True,1070,Two Pair,"Two Pair:isFold=True;isAllIn=False, Pair:isFold=False;isAllIn=False, Pair:isFold=True;isAllIn=False, Pair:isFold=False;isAllIn=False"
2018-07-20 15:47:48,0,480,True,910,Pair,"Pair:isFold=True;isAllIn=False, Two Pair:isFold=True;isAllIn=False, Two Pair:isFold=True;isAllIn=False, Pair:isFold=False;isAllIn=False"
2018-07-20 15:48:06,0,800,True,910,High Card,"High Card:isFold=True;isAllIn=False, Pair:isFold=True;isAllIn=False, Pair:isFold=True;isAllIn=False, High Card:isFold=False;isAllIn=False"
2018-07-20 15:48:37,110,110,False,3070,High Card,"Pair:isFold=True;isAllIn=False, Pair:isFold=True;isAllIn=False, High Card:isFold=True;isAllIn=False, Pair:isFold=True;isAllIn=False, Pair:isFold=True;isAllIn=False, Straight:isFold=True;isAllIn=False, High Card:isFold=True;isAllIn=False"
2018-07-20 15:49:22,0,250,True,3030,Straight,"Straight:isFold=False;isAllIn=False, Straight:isFold=True;isAllIn=False, Pair:isFold=True;isAllIn=False, High Card:isFold=True;isAllIn=False, Pair:isFold=False;isAllIn=False, Pair:isFold=True;isAllIn=False, Pair:isFold=True;isAllIn=False"
2018-07-20 15:49:51,90,90,False,3100,Pair,"Pair:isFold=True;isAllIn=False, Pair:isFold=True;isAllIn=False, Two Pair:isFold=True;isAllIn=False, High Card:isFold=True;isAllIn=False, High Card:isFold=True;isAllIn=False, Straight:isFold=True;isAllIn=False, High Card:isFold=True;isAllIn=False"
2018-07-20 15:50:18,0,60,True,3100,Pair,"Pair:isFold=False;isAllIn=False, Pair:isFold=True;isAllIn=False, High Card:isFold=True;isAllIn=False, Pair:isFold=True;isAllIn=False, High Card:isFold=True;isAllIn=False, High Card:isFold=True;isAllIn=False, Pair:isFold=True;isAllIn=False"
2018-07-20 15:50:49,0,160,True,3100,Two Pair,"Pair:isFold=True;isAllIn=False, Two Pair:isFold=True;isAllIn=False, Three of a Kind:isFold=True;isAllIn=False, Two Pair:isFold=True;isAllIn=False, Pair:isFold=False;isAllIn=False, Pair:isFold=True;isAllIn=False, Pair:isFold=True;isAllIn=False"
2018-07-20 15:51:20,0,220,True,3060,Two Pair,"Two Pair:isFold=False;isAllIn=False, Two Pair:isFold=True;isAllIn=False, Four of a kind:isFold=True;isAllIn=False, Two Pair:isFold=True;isAllIn=False, Two Pair:isFold=True;isAllIn=False, Two Pair:isFold=True;isAllIn=False, Two Pair:isFold=True;isAllIn=False"
2018-07-20 15:51:43,0,60,True,3040,Full House,"Two Pair:isFold=True;isAllIn=False, Two Pair:isFold=True;isAllIn=False, Two Pair:isFold=True;isAllIn=False, Two Pair:isFold=False;isAllIn=False, Two Pair:isFold=True;isAllIn=False, Two Pair:isFold=True;isAllIn=False, Two Pair:isFold=True;isAllIn=False"
2018-07-20 15:52:18,0,170,True,3030,Straight,"High Card:isFold=True;isAllIn=False, Pair:isFold=True;isAllIn=False, High Card:isFold=True;isAllIn=False, Pair:isFold=True;isAllIn=False, Pair:isFold=False;isAllIn=False, Pair:isFold=True;isAllIn=False, Pair:isFold=True;isAllIn=False"
2018-07-20 15:53:51,0,640,True,2910,Pair,"Pair:isFold=True;isAllIn=False, Straight:isFold=True;isAllIn=False, High Card:isFold=True;isAllIn=False, High Card:isFold=True;isAllIn=False, Pair:isFold=True;isAllIn=False, Flush:isFold=False;isAllIn=False, Pair:isFold=True;isAllIn=False"
2018-07-20 15:54:46,0,140,True,2910,Straight,"Straight:isFold=True;isAllIn=False, Two Pair:isFold=True;isAllIn=False, Straight:isFold=True;isAllIn=False, Pair:isFold=True;isAllIn=False, Two Pair:isFold=True;isAllIn=False, Straight:isFold=True;isAllIn=False, Two Pair:isFold=False;isAllIn=False"
2018-07-20 15:55:24,0,6290,False,0,High Card,"High Card:isFold=True;isAllIn=False, Pair:isFold=True;isAllIn=False, Pair:isFold=True;isAllIn=False, High Card:isFold=True;isAllIn=False, High Card:isFold=True;isAllIn=False, Pair:isFold=False;isAllIn=True, High Card:isFold=True;isAllIn=False"
2018-07-20 16:11:44,0,5360,True,3000,Straight,"High Card:isFold=True;isAllIn=False, Pair:isFold=True;isAllIn=False, Straight:isFold=False;isAllIn=False, Straight:isFold=False;isAllIn=False"
2018-07-20 16:12:17,0,6280,True,3000,Pair,"Pair:isFold=False;isAllIn=True, Two Pair:isFold=False;isAllIn=True, Pair:isFold=False;isAllIn=True, High Card:isFold=True;isAllIn=False"
2018-07-20 16:12:34,0,60,True,2980,Two Pair,"Two Pair:isFold=True;isAllIn=False, Full House:isFold=False;isAllIn=False"
2018-07-20 16:13:23,0,100,True,2940,Flush,"Pair:isFold=True;isAllIn=False, Flush:isFold=False;isAllIn=False"
2018-07-20 16:14:11,0,440,True,2880,High Card,"Pair:isFold=True;isAllIn=False, Straight:isFold=False;isAllIn=False"
2018-07-20 16:14:53,0,1700,True,2880,High Card,"Straight:isFold=False;isAllIn=False, Pair:isFold=True;isAllIn=False"
2018-07-20 16:14:59,0,240,True,2800,Two Pair,"Two Pair:isFold=False;isAllIn=False, Two Pair:isFold=True;isAllIn=False"
2018-07-20 16:15:14,0,120,True,2760,High Card,"Flush:isFold=True;isAllIn=False, Flush:isFold=False;isAllIn=False"
2018-07-20 16:16:05,0,800,True,2440,Three of a Kind,"High Card:isFold=True;isAllIn=False, High Card:isFold=False;isAllIn=False"
2018-07-20 16:16:21,0,400,True,2200,Pair,"Three of a Kind:isFold=False;isAllIn=False, Pair:isFold=True;isAllIn=False"
2018-07-20 16:17:08,0,640,True,2200,Two Pair,"High Card:isFold=True;isAllIn=False, High Card:isFold=False;isAllIn=False"
2018-07-20 17:03:31,0,200,True,2860,Straight,"Pair:isFold=False;isAllIn=False, Pair:isFold=True;isAllIn=False, Pair:isFold=True;isAllIn=False, Pair:isFold=True;isAllIn=False"
2018-07-20 17:07:55,0,2044,True,1558,Two Pair,"Two Pair:isFold=True;isAllIn=False, Two Pair:isFold=True;isAllIn=False, Full House:isFold=True;isAllIn=False, Two Pair:isFold=False;isAllIn=False"
2018-07-20 17:08:09,0,3420,True,1558,High Card,"Pair:isFold=True;isAllIn=False, High Card:isFold=True;isAllIn=False, Pair:isFold=False;isAllIn=False, Pair:isFold=False;isAllIn=False"
2018-07-20 17:08:27,1622,3874,False,1622,Straight,"Straight:isFold=False;isAllIn=True, Straight:isFold=False;isAllIn=True, Straight:isFold=True;isAllIn=False, Straight:isFold=True;isAllIn=False"
2018-07-20 17:08:42,282,282,False,1744,Two Pair,"Pair:isFold=False;isAllIn=True, High Card:isFold=True;isAllIn=False, Pair:isFold=True;isAllIn=False, High Card:isFold=True;isAllIn=False"
2018-07-20 17:09:05,0,5488,False,0,Three of a Kind,"Pair:isFold=True;isAllIn=False, Flush:isFold=False;isAllIn=True, Pair:isFold=True;isAllIn=False"
2018-07-20 18:00:54,0,160,True,2960,Pair,"Pair:isFold=True;isAllIn=False, Pair:isFold=True;isAllIn=False, Pair:isFold=True;isAllIn=False, Two Pair:isFold=False;isAllIn=False, Pair:isFold=True;isAllIn=False"
2018-07-20 18:01:15,110,110,False,3030,Pair,"High Card:isFold=True;isAllIn=False, High Card:isFold=True;isAllIn=False, High Card:isFold=True;isAllIn=False, High Card:isFold=True;isAllIn=False, High Card:isFold=True;isAllIn=False"
2018-07-20 18:01:40,100,100,False,3090,Four of a kind,"Two Pair:isFold=True;isAllIn=False, Two Pair:isFold=True;isAllIn=False, Pair:isFold=True;isAllIn=False, Straight:isFold=True;isAllIn=False, Two Pair:isFold=True;isAllIn=False"
2018-07-20 18:02:15,0,320,True,3070,Two Pair,"Two Pair:isFold=False;isAllIn=False, Two Pair:isFold=True;isAllIn=False, Pair:isFold=True;isAllIn=False, Three of a Kind:isFold=True;isAllIn=False, Pair:isFold=True;isAllIn=False"
2018-07-20 18:02:39,0,90,True,3050,Three of a Kind,"Pair:isFold=True;isAllIn=False, Two Pair:isFold=True;isAllIn=False, Pair:isFold=True;isAllIn=False, Pair:isFold=True;isAllIn=False, Pair:isFold=False;isAllIn=False"
2018-07-20 18:03:03,0,140,True,3030,Pair,"Two Pair:isFold=True;isAllIn=False, High Card:isFold=True;isAllIn=False, Pair:isFold=True;isAllIn=False, Flush:isFold=True;isAllIn=False, High Card:isFold=False;isAllIn=False"
2018-07-20 18:03:37,0,880,True,3030,Two Pair,"Two Pair:isFold=True;isAllIn=False, Three of a Kind:isFold=False;isAllIn=False, Three of a Kind:isFold=True;isAllIn=False, Two Pair:isFold=True;isAllIn=False, Straight:isFold=False;isAllIn=False"
2018-07-20 18:04:11,0,380,True,3030,Two Pair,"High Card:isFold=True;isAllIn=False, Two Pair:isFold=False;isAllIn=False, Pair:isFold=True;isAllIn=False, Pair:isFold=False;isAllIn=False, Two Pair:isFold=True;isAllIn=False"
2018-07-20 18:05:17,0,600,True,2830,Pair,"Pair:isFold=True;isAllIn=False, Two Pair:isFold=True;isAllIn=False, Pair:isFold=True;isAllIn=False, High Card:isFold=True;isAllIn=False, Pair:isFold=False;isAllIn=False"
2018-07-20 18:06:15,0,6160,True,2750,Pair,"Two Pair:isFold=True;isAllIn=False, Pair:isFold=True;isAllIn=False, Pair:isFold=True;isAllIn=False, Straight:isFold=False;isAllIn=True, Two Pair:isFold=False;isAllIn=False"
2018-07-20 18:06:43,0,440,True,2590,Pair,"Straight:isFold=True;isAllIn=False, Pair:isFold=True;isAllIn=False, Pair:isFold=True;isAllIn=False, Pair:isFold=False;isAllIn=False, High Card:isFold=True;isAllIn=False"
2018-07-20 18:07:05,0,200,True,2590,Pair,"Pair:isFold=True;isAllIn=False, Pair:isFold=False;isAllIn=False, Pair:isFold=True;isAllIn=False, Pair:isFold=True;isAllIn=False, High Card:isFold=True;isAllIn=False"
2018-07-20 18:07:28,0,160,True,2590,Pair,"High Card:isFold=True;isAllIn=False, Pair:isFold=True;isAllIn=False, High Card:isFold=True;isAllIn=False, Pair:isFold=True;isAllIn=False, Pair:isFold=False;isAllIn=False"
2018-07-20 18:10:38,0,1440,False,0,,"Pair:isFold=True;isAllIn=False, Two Pair:isFold=True;isAllIn=False, Pair:isFold=True;isAllIn=False, Pair:isFold=True;isAllIn=False, Pair:isFold=True;isAllIn=False, Three of a Kind:isFold=False;isAllIn=False"
2018-07-20 18:11:07,640,640,False,2590,Pair,"High Card:isFold=True;isAllIn=False, High Card:isFold=True;isAllIn=False, Pair:isFold=True;isAllIn=False, Pair:isFold=True;isAllIn=False, Pair:isFold=True;isAllIn=False"
2018-07-20 18:11:30,0,480,True,2430,Two Pair,"Two Pair:isFold=True;isAllIn=False, Two Pair:isFold=False;isAllIn=False, Pair:isFold=True;isAllIn=False, Pair:isFold=True;isAllIn=False, Pair:isFold=True;isAllIn=False"
2018-07-20 18:12:56,1440,1440,False,3230,Two Pair,"Pair:isFold=True;isAllIn=False, Two Pair:isFold=True;isAllIn=False, Two Pair:isFold=True;isAllIn=False, Pair:isFold=True;isAllIn=False, Pair:isFold=True;isAllIn=False"
2018-07-20 18:13:43,0,640,True,3230,Straight,"Two Pair:isFold=False;isAllIn=False, Two Pair:isFold=True;isAllIn=False, Two Pair:isFold=True;isAllIn=False, Two Pair:isFold=True;isAllIn=False, Two Pair:isFold=True;isAllIn=False"
2018-07-20 18:13:50,0,960,True,2910,High Card,"High Card:isFold=True;isAllIn=False, Pair:isFold=False;isAllIn=False, High Card:isFold=True;isAllIn=False, Pair:isFold=True;isAllIn=False, Pair:isFold=True;isAllIn=False"
2018-07-20 18:14:14,1280,1280,False,3550,Pair,"High Card:isFold=True;isAllIn=False, High Card:isFold=True;isAllIn=False, Two Pair:isFold=True;isAllIn=False, Pair:isFold=True;isAllIn=False, Straight:isFold=True;isAllIn=False"
2018-07-20 18:14:40,0,2560,True,3550,Pair,"Two Pair:isFold=True;isAllIn=False, Pair:isFold=False;isAllIn=False, Pair:isFold=True;isAllIn=False, Two Pair:isFold=True;isAllIn=False, Two Pair:isFold=True;isAllIn=False"
2018-07-20 18:15:04,1600,1600,False,4510,High Card,"High Card:isFold=True;isAllIn=False, High Card:isFold=True;isAllIn=False, High Card:isFold=True;isAllIn=False, Two Pair:isFold=True;isAllIn=False, Pair:isFold=True;isAllIn=False"
2018-07-20 18:16:31,0,200,True,2940,Pair,"Pair:isFold=True;isAllIn=False, High Card:isFold=True;isAllIn=False, Straight:isFold=False;isAllIn=False, High Card:isFold=True;isAllIn=False"
2018-07-20 18:16:59,0,240,True,2920,Pair,"Pair:isFold=True;isAllIn=False, Pair:isFold=True;isAllIn=False, Two Pair:isFold=False;isAllIn=False, Two Pair:isFold=False;isAllIn=False"
2018-07-20 18:17:20,0,95,True,2910,Pair,"Two Pair:isFold=True;isAllIn=False, Pair:isFold=True;isAllIn=False, Two Pair:isFold=False;isAllIn=False, Two Pair:isFold=False;isAllIn=False"
2018-07-20 18:17:50,0,520,True,2910,High Card,"High Card:isFold=True;isAllIn=False, Two Pair:isFold=False;isAllIn=False, Pair:isFold=False;isAllIn=False, High Card:isFold=True;isAllIn=False"
2018-07-20 18:18:15,0,220,True,2850,Pair,"Straight:isFold=True;isAllIn=False, Pair:isFold=True;isAllIn=False, High Card:isFold=True;isAllIn=False, Straight:isFold=False;isAllIn=False"
2018-07-20 18:18:59,0,280,True,2850,Two Pair,"Straight:isFold=True;isAllIn=False, Two Pair:isFold=False;isAllIn=False, Pair:isFold=True;isAllIn=False, Two Pair:isFold=True;isAllIn=False"
2018-07-20 18:19:05,0,280,True,2810,Two Pair,"Two Pair:isFold=True;isAllIn=False, Flush:isFold=True;isAllIn=False, Three of a Kind:isFold=False;isAllIn=False, Pair:isFold=True;isAllIn=False"
2018-07-20 18:19:25,0,260,True,2790,Pair,"Two Pair:isFold=True;isAllIn=False, Pair:isFold=True;isAllIn=False, Two Pair:isFold=True;isAllIn=False, Pair:isFold=False;isAllIn=False"
2018-07-20 18:20:01,0,720,True,2790,Flush,"Straight:isFold=True;isAllIn=False, Straight:isFold=True;isAllIn=False, Pair:isFold=False;isAllIn=False, Pair:isFold=False;isAllIn=False"
2018-07-20 18:20:56,0,440,True,2710,Pair,"Pair:isFold=True;isAllIn=False, Two Pair:isFold=True;isAllIn=False, Full House:isFold=False;isAllIn=False, Two Pair:isFold=False;isAllIn=False"
2018-07-20 18:21:44,0,1080,True,2590,Pair,"Three of a Kind:isFold=False;isAllIn=False, Pair:isFold=True;isAllIn=False, Three of a Kind:isFold=False;isAllIn=False, Pair:isFold=False;isAllIn=False"
2018-07-20 18:22:42,0,3600,True,2350,Two Pair,"Two Pair:isFold=True;isAllIn=False, Two Pair:isFold=True;isAllIn=False, Full House:isFold=False;isAllIn=False, Full House:isFold=False;isAllIn=False"
2018-07-20 18:22:53,0,2240,True,2350,Pair,"Two Pair:isFold=True;isAllIn=False, Two Pair:isFold=False;isAllIn=False, Pair:isFold=True;isAllIn=False, Two Pair:isFold=False;isAllIn=False"
2018-07-20 18:23:52,0,1920,True,2190,Pair,"Two Pair:isFold=False;isAllIn=False, Pair:isFold=True;isAllIn=False, Pair:isFold=True;isAllIn=False, Two Pair:isFold=False;isAllIn=False"
2018-07-20 18:24:19,0,2320,True,2110,Pair,"Two Pair:isFold=False;isAllIn=False, Two Pair:isFold=True;isAllIn=False, Pair:isFold=True;isAllIn=False, Two Pair:isFold=False;isAllIn=False"
2018-07-20 18:25:25,0,272,True,1630,Two Pair,"Two Pair:isFold=True;isAllIn=False, Full House:isFold=False;isAllIn=True, Full House:isFold=False;isAllIn=False, Two Pair:isFold=False;isAllIn=True"
2018-07-20 18:25:48,2445,2445,False,2445,Two Pair,"Two Pair:isFold=False;isAllIn=True, Two Pair:isFold=False;isAllIn=False"
2018-07-20 18:26:03,0,800,True,2285,Two Pair,"Pair:isFold=False;isAllIn=False, Pair:isFold=True;isAllIn=False"
2018-07-20 18:26:21,0,5985,False,0,Two Pair,"Pair:isFold=True;isAllIn=False, Two Pair:isFold=False;isAllIn=False"
2018-07-20 18:28:17,0,160,True,2960,Two Pair,"Pair:isFold=True;isAllIn=False, Two Pair:isFold=True;isAllIn=False, Pair:isFold=True;isAllIn=False, Full House:isFold=False;isAllIn=False"
2018-07-20 18:29:04,0,170,True,2930,Pair,"Pair:isFold=True;isAllIn=False, Two Pair:isFold=True;isAllIn=False, Pair:isFold=True;isAllIn=False, Two Pair:isFold=False;isAllIn=False"
2018-07-20 18:29:31,0,190,True,2870,Pair,"High Card:isFold=True;isAllIn=False, High Card:isFold=True;isAllIn=False, Pair:isFold=True;isAllIn=False, Pair:isFold=False;isAllIn=False"
2018-07-20 18:29:55,0,280,True,2870,Pair,"Pair:isFold=True;isAllIn=False, Full House:isFold=False;isAllIn=False, Pair:isFold=True;isAllIn=False, Pair:isFold=True;isAllIn=False"
2018-07-20 18:31:27,0,400,True,2790,Two Pair,"Two Pair:isFold=True;isAllIn=False, Full House:isFold=False;isAllIn=False, Full House:isFold=True;isAllIn=False, Two Pair:isFold=True;isAllIn=False"
2018-07-20 18:31:46,0,200,True,2770,Two Pair,"High Card:isFold=True;isAllIn=False, Pair:isFold=True;isAllIn=False, High Card:isFold=True;isAllIn=False, Pair:isFold=False;isAllIn=False"
2018-07-20 18:32:43,0,640,True,2610,Pair,"High Card:isFold=True;isAllIn=False, High Card:isFold=True;isAllIn=False, Pair:isFold=True;isAllIn=False, Two Pair:isFold=False;isAllIn=False"
2018-07-20 18:33:29,0,920,True,2490,Full House,"Two Pair:isFold=True;isAllIn=False, Flush:isFold=False;isAllIn=False, Two Pair:isFold=True;isAllIn=False, Two Pair:isFold=False;isAllIn=False"
2018-07-20 18:33:51,0,360,True,2490,Pair,"Pair:isFold=True;isAllIn=False, Two Pair:isFold=True;isAllIn=False, Two Pair:isFold=True;isAllIn=False, Two Pair:isFold=False;isAllIn=False"
2018-07-20 18:34:44,0,1280,True,2170,Pair,"High Card:isFold=True;isAllIn=False, High Card:isFold=True;isAllIn=False, High Card:isFold=True;isAllIn=False, Three of a Kind:isFold=False;isAllIn=False"
2018-07-20 18:35:53,0,2000,True,1930,Pair,"Pair:isFold=False;isAllIn=False, High Card:isFold=True;isAllIn=False, Pair:isFold=True;isAllIn=False, High Card:isFold=True;isAllIn=False"
2018-07-20 18:36:52,0,2240,True,1290,Straight,"Pair:isFold=True;isAllIn=False, Pair:isFold=True;isAllIn=False, High Card:isFold=False;isAllIn=False, High Card:isFold=True;isAllIn=False"
2018-07-20 18:38:05,0,640,True,1130,Pair,"Two Pair:isFold=False;isAllIn=False, Pair:isFold=True;isAllIn=False"
2018-07-20 18:38:14,980,150,False,980,Pair,"Pair:isFold=True;isAllIn=False, Pair:isFold=False;isAllIn=False"
2018-07-20 18:38:30,0,1280,True,980,Three of a Kind,"Two Pair:isFold=False;isAllIn=False, Pair:isFold=True;isAllIn=False"
2018-07-20 18:38:42,1960,1960,False,1960,Two Pair,"Pair:isFold=False;isAllIn=False, Pair:isFold=True;isAllIn=False"
2018-07-20 18:38:58,0,5988,False,0,Full House,"Full House:isFold=False;isAllIn=False, Two Pair:isFold=True;isAllIn=False"
2018-07-20 18:39:31,0,190,True,2990,Pair,"Pair:isFold=False;isAllIn=False, High Card:isFold=True;isAllIn=False, Flush:isFold=True;isAllIn=False, High Card:isFold=True;isAllIn=False"
